file,class,type,cbo,cboModified,fanin,fanout,wmc,dit,noc,rfc,lcom,lcom*,tcc,lcc,totalMethodsQty,staticMethodsQty,publicMethodsQty,privateMethodsQty,protectedMethodsQty,defaultMethodsQty,visibleMethodsQty,abstractMethodsQty,finalMethodsQty,synchronizedMethodsQty,totalFieldsQty,staticFieldsQty,publicFieldsQty,privateFieldsQty,protectedFieldsQty,defaultFieldsQty,finalFieldsQty,synchronizedFieldsQty,nosi,loc,returnQty,loopQty,comparisonsQty,tryCatchQty,parenthesizedExpsQty,stringLiteralsQty,numbersQty,assignmentsQty,mathOperationsQty,variablesQty,maxNestedBlocksQty,anonymousClassesQty,innerClassesQty,lambdasQty,uniqueWordsQty,modifiers,logStatementsQty
c:\Users\jvgpl\OneDrive\Documentos\SO\teste\lab-experimentacao\LAB02\repos\9GAG\app\src\main\java\me\storm\ninegag\view\LoadingFooter.java,me.storm.ninegag.view.LoadingFooter$State,enum,0,0,0,0,0,1,0,0,0,0.0,-1.0,-1.0,0,0,0,0,0,0,0,0,0,0,0,0,0,0,0,0,0,0,0,1,0,0,0,0,0,0,0,0,0,0,0,0,0,0,3,9,0
c:\Users\jvgpl\OneDrive\Documentos\SO\teste\lab-experimentacao\LAB02\repos\9GAG\app\src\main\java\me\storm\ninegag\ui\BaseActivity.java,me.storm.ninegag.ui.BaseActivity,class,15,21,6,15,10,2,2,20,22,0.75,0.04761905,0.04761905,8,0,4,1,3,0,7,0,0,0,2,0,0,1,1,0,0,0,2,53,4,0,0,0,0,0,0,3,0,3,1,1,0,0,49,1025,0
c:\Users\jvgpl\OneDrive\Documentos\SO\teste\lab-experimentacao\LAB02\repos\9GAG\extras\ShimmerAndroid\src\main\java\com\romainpiel\shimmer\ShimmerTextView.java,com.romainpiel.shimmer.ShimmerTextView,class,8,9,1,8,21,2,0,17,0,0.11764706,0.77205884,0.77205884,17,0,16,0,1,0,17,0,0,0,1,0,0,1,0,0,0,0,0,68,5,0,4,0,0,0,2,1,0,1,1,0,0,0,47,1,0
c:\Users\jvgpl\OneDrive\Documentos\SO\teste\lab-experimentacao\LAB02\repos\9GAG\app\src\main\java\me\storm\ninegag\ui\fragment\DrawerFragment.java,me.storm.ninegag.ui.fragment.DrawerFragment,class,9,10,1,9,2,3,0,6,1,0.5,0.0,0.0,2,0,2,0,0,0,2,0,0,0,3,0,0,3,0,0,0,0,0,23,1,0,0,0,0,0,1,4,0,4,0,1,0,0,22,1,0
c:\Users\jvgpl\OneDrive\Documentos\SO\teste\lab-experimentacao\LAB02\repos\9GAG\app\src\main\java\me\storm\ninegag\ui\adapter\FeedsAdapter.java,me.storm.ninegag.ui.adapter.FeedsAdapter$Holder,innerclass,5,5,0,5,1,1,0,1,0,1.0,NaN,NaN,1,0,1,0,0,0,1,0,0,0,3,0,1,0,0,2,0,0,0,8,0,0,0,0,0,0,0,0,0,3,0,0,0,0,8,8,0
c:\Users\jvgpl\OneDrive\Documentos\SO\teste\lab-experimentacao\LAB02\repos\9GAG\app\src\main\java\me\storm\ninegag\view\BaseFoldingLayout.java,me.storm.ninegag.view.BaseFoldingLayout$OnFoldListener,interface,0,0,0,0,2,1,0,0,1,0.0,0.0,0.0,2,0,2,0,0,0,2,0,0,0,0,0,0,0,0,0,0,0,0,4,0,0,0,0,0,0,0,0,0,0,0,0,0,0,6,1,0
c:\Users\jvgpl\OneDrive\Documentos\SO\teste\lab-experimentacao\LAB02\repos\9GAG\extras\ShimmerAndroid\src\main\java\com\romainpiel\shimmer\ShimmerViewHelper.java,com.romainpiel.shimmer.ShimmerViewHelper,class,10,13,3,10,24,1,0,14,37,0.80606073,0.24358974,1.0,15,0,12,2,1,0,13,0,0,0,11,1,0,11,0,0,1,0,0,101,5,0,4,1,0,2,11,14,1,12,3,0,1,0,67,1,0
c:\Users\jvgpl\OneDrive\Documentos\SO\teste\lab-experimentacao\LAB02\repos\9GAG\app\src\main\java\me\storm\ninegag\ui\BaseActivity.java,me.storm.ninegag.ui.BaseActivity$Anonymous1,anonymous,2,2,0,2,1,1,0,2,0,0.0,NaN,NaN,1,0,1,0,0,0,1,0,0,0,0,0,0,0,0,0,0,0,1,5,0,0,0,0,0,0,0,0,0,0,0,0,0,0,5,-1,0
c:\Users\jvgpl\OneDrive\Documentos\SO\teste\lab-experimentacao\LAB02\repos\9GAG\app\src\main\java\me\storm\ninegag\util\database\SQLiteTable.java,me.storm.ninegag.util.database.SQLiteTable,class,5,8,3,5,10,1,0,11,0,0.35714287,0.71428573,1.0,7,0,7,0,0,0,7,0,0,0,2,0,0,0,0,2,0,0,2,48,4,1,1,0,0,6,2,7,2,7,2,0,0,0,43,1,0
c:\Users\jvgpl\OneDrive\Documentos\SO\teste\lab-experimentacao\LAB02\repos\9GAG\app\src\main\java\me\storm\ninegag\view\swipeback\SwipeBackActivityBase.java,me.storm.ninegag.view.swipeback.SwipeBackActivityBase,interface,1,2,1,1,3,1,0,0,3,0.0,0.0,0.0,3,0,3,0,0,0,3,3,0,0,0,0,0,0,0,0,0,0,0,5,0,0,0,0,0,0,0,0,0,0,0,0,0,0,23,1,0
c:\Users\jvgpl\OneDrive\Documentos\SO\teste\lab-experimentacao\LAB02\repos\9GAG\app\src\main\java\me\storm\ninegag\model\Feed.java,me.storm.ninegag.model.Feed$Vote,innerclass,0,0,0,0,0,1,0,0,0,NaN,-1.0,-1.0,0,0,0,0,0,0,0,0,0,0,1,0,1,0,0,0,0,0,0,3,0,0,0,0,0,0,0,0,0,1,0,0,0,0,2,2,0
c:\Users\jvgpl\OneDrive\Documentos\SO\teste\lab-experimentacao\LAB02\repos\9GAG\app\src\main\java\me\storm\ninegag\view\swipeback\SwipeBackActivity.java,me.storm.ninegag.view.swipeback.SwipeBackActivity,class,7,10,3,7,8,3,2,10,3,0.33333334,0.4,0.4,6,0,4,0,2,0,6,0,0,0,1,0,0,1,0,0,0,0,0,26,3,0,2,0,0,0,0,2,0,2,1,0,0,0,28,1,0
c:\Users\jvgpl\OneDrive\Documentos\SO\teste\lab-experimentacao\LAB02\repos\9GAG\app\src\main\java\me\storm\ninegag\ui\ImageViewActivity.java,me.storm.ninegag.ui.ImageViewActivity,class,10,11,1,10,3,4,0,14,0,0.5,1.0,1.0,2,0,2,0,0,0,2,0,0,0,4,1,1,1,0,2,1,0,0,39,0,0,1,0,0,1,0,4,0,6,1,3,0,0,46,1,0
c:\Users\jvgpl\OneDrive\Documentos\SO\teste\lab-experimentacao\LAB02\repos\9GAG\app\src\main\java\me\storm\ninegag\view\swipeback\ViewDragHelper.java,me.storm.ninegag.view.swipeback.ViewDragHelper$Anonymous1,anonymous,0,0,0,0,1,1,0,0,0,0.0,NaN,NaN,1,0,1,0,0,0,1,0,0,0,0,0,0,0,0,0,0,0,0,6,1,0,0,0,0,0,2,1,2,0,0,0,0,0,3,-1,0
c:\Users\jvgpl\OneDrive\Documentos\SO\teste\lab-experimentacao\LAB02\repos\9GAG\app\src\main\java\me\storm\ninegag\view\swipeback\ViewDragHelper.java,me.storm.ninegag.view.swipeback.ViewDragHelper$Anonymous2,anonymous,1,1,0,1,1,1,0,1,0,0.0,NaN,NaN,1,0,1,0,0,0,1,0,0,0,0,0,0,0,0,0,0,0,0,5,0,0,0,0,0,0,0,0,0,0,0,0,0,0,12,-1,0
c:\Users\jvgpl\OneDrive\Documentos\SO\teste\lab-experimentacao\LAB02\repos\9GAG\app\src\main\java\me\storm\ninegag\ui\ImageViewActivity.java,me.storm.ninegag.ui.ImageViewActivity$Anonymous3,anonymous,2,2,0,2,1,1,0,1,0,0.0,NaN,NaN,1,0,1,0,0,0,1,0,0,0,0,0,0,0,0,0,0,0,0,5,0,0,0,0,0,0,1,0,2,0,0,0,0,0,6,-1,0
c:\Users\jvgpl\OneDrive\Documentos\SO\teste\lab-experimentacao\LAB02\repos\9GAG\app\src\main\java\me\storm\ninegag\view\BlurFoldingActionBarToggle.java,me.storm.ninegag.view.BlurFoldingActionBarToggle,class,11,13,2,11,10,2,0,15,7,0.7142858,0.1,0.1,7,0,5,2,0,0,5,0,0,0,7,2,0,7,0,0,2,0,2,53,0,0,1,0,1,0,4,9,1,9,1,0,0,0,58,1,0
c:\Users\jvgpl\OneDrive\Documentos\SO\teste\lab-experimentacao\LAB02\repos\9GAG\app\src\main\java\me\storm\ninegag\ui\ImageViewActivity.java,me.storm.ninegag.ui.ImageViewActivity$Anonymous2,anonymous,2,2,0,2,1,1,0,2,0,0.0,NaN,NaN,1,0,1,0,0,0,1,0,0,0,0,0,0,0,0,0,0,0,0,6,0,0,0,0,0,0,0,0,0,0,0,0,0,0,7,-1,0
c:\Users\jvgpl\OneDrive\Documentos\SO\teste\lab-experimentacao\LAB02\repos\9GAG\app\src\main\java\me\storm\ninegag\ui\ImageViewActivity.java,me.storm.ninegag.ui.ImageViewActivity$Anonymous1,anonymous,1,1,0,1,1,1,0,1,0,0.0,NaN,NaN,1,0,1,0,0,0,1,0,0,0,0,0,0,0,0,0,0,0,0,5,0,0,0,0,0,0,0,0,0,0,0,0,0,0,6,-1,0
c:\Users\jvgpl\OneDrive\Documentos\SO\teste\lab-experimentacao\LAB02\repos\9GAG\extras\ShimmerAndroid\src\main\java\com\romainpiel\shimmer\Shimmer.java,com.romainpiel.shimmer.Shimmer,class,6,8,2,6,20,1,0,6,63,0.8690476,0.15384616,0.41758242,14,0,14,0,0,0,14,0,0,0,12,6,2,10,0,0,6,0,0,121,12,0,4,0,0,1,4,16,0,13,1,2,0,0,53,1,0
c:\Users\jvgpl\OneDrive\Documentos\SO\teste\lab-experimentacao\LAB02\repos\9GAG\app\src\main\java\me\storm\ninegag\data\ImageCacheManager.java,me.storm.ninegag.data.ImageCacheManager,class,10,12,2,10,4,1,0,5,6,0.875,0.0,0.0,4,3,3,1,0,0,3,0,0,0,2,2,0,2,0,0,1,0,2,38,3,0,0,0,1,0,5,2,2,2,0,1,0,0,30,1,0
c:\Users\jvgpl\OneDrive\Documentos\SO\teste\lab-experimentacao\LAB02\repos\9GAG\app\src\main\java\me\storm\ninegag\view\swipeback\ViewDragHelper.java,me.storm.ninegag.view.swipeback.ViewDragHelper,class,12,16,4,12,209,1,0,98,651,0.9019609,0.20967741,0.5141129,51,2,29,19,1,2,32,0,0,0,39,17,13,26,0,0,20,0,37,744,56,8,70,0,26,10,121,221,90,172,3,2,1,0,524,1,0
c:\Users\jvgpl\OneDrive\Documentos\SO\teste\lab-experimentacao\LAB02\repos\9GAG\app\src\main\java\me\storm\ninegag\ui\adapter\DrawerAdapter.java,me.storm.ninegag.ui.adapter.DrawerAdapter,class,8,10,2,8,6,2,0,10,8,0.6,0.1,0.1,5,0,5,0,0,0,5,0,0,0,1,0,0,1,0,0,0,0,3,24,4,0,1,0,0,0,1,3,0,2,1,0,0,0,23,1,0
c:\Users\jvgpl\OneDrive\Documentos\SO\teste\lab-experimentacao\LAB02\repos\9GAG\app\src\main\java\me\storm\ninegag\view\LoadingFooter.java,me.storm.ninegag.view.LoadingFooter$Anonymous1,anonymous,1,1,0,1,1,1,0,0,0,0.0,NaN,NaN,1,0,1,0,0,0,1,0,0,0,0,0,0,0,0,0,0,0,0,4,0,0,0,0,0,0,0,0,0,0,0,0,0,0,4,-1,0
c:\Users\jvgpl\OneDrive\Documentos\SO\teste\lab-experimentacao\LAB02\repos\9GAG\app\src\main\java\me\storm\ninegag\view\LoadingFooter.java,me.storm.ninegag.view.LoadingFooter$Anonymous2,anonymous,1,1,0,1,1,1,0,1,0,0.0,NaN,NaN,1,0,1,0,0,0,1,0,0,0,0,0,0,0,0,0,0,0,0,5,0,0,0,0,0,0,0,0,0,0,0,0,0,0,4,-1,0
c:\Users\jvgpl\OneDrive\Documentos\SO\teste\lab-experimentacao\LAB02\repos\9GAG\app\src\main\java\me\storm\ninegag\dao\FeedsDataHelper.java,me.storm.ninegag.dao.FeedsDataHelper,class,14,16,2,14,9,2,0,19,1,0.2857143,0.4,0.4,7,0,5,1,1,0,6,0,0,0,1,0,0,1,0,0,0,0,6,55,5,1,0,0,0,6,0,11,4,10,1,0,1,0,44,1,0
c:\Users\jvgpl\OneDrive\Documentos\SO\teste\lab-experimentacao\LAB02\repos\9GAG\app\src\main\java\me\storm\ninegag\view\titanic\TitanicTextView.java,me.storm.ninegag.view.titanic.TitanicTextView$AnimationSetupCallback,interface,1,1,0,1,1,1,0,0,0,0.0,NaN,NaN,1,0,1,0,0,0,1,0,0,0,0,0,0,0,0,0,0,0,0,3,0,0,0,0,0,0,0,0,0,0,0,0,0,0,8,1,0
c:\Users\jvgpl\OneDrive\Documentos\SO\teste\lab-experimentacao\LAB02\repos\9GAG\app\src\main\java\me\storm\ninegag\ui\adapter\FeedsAdapter.java,me.storm.ninegag.ui.adapter.FeedsAdapter,class,16,19,3,16,7,2,0,18,6,0.7,0.33333334,0.5,5,0,4,1,0,0,4,0,0,0,6,2,0,6,0,0,2,0,5,48,3,0,2,0,0,0,2,11,2,9,1,0,1,0,50,1,0
c:\Users\jvgpl\OneDrive\Documentos\SO\teste\lab-experimentacao\LAB02\repos\9GAG\app\src\main\java\me\storm\ninegag\view\titanic\Titanic.java,me.storm.ninegag.view.titanic.Titanic$Anonymous3,anonymous,1,1,0,1,1,1,0,1,0,0.0,NaN,NaN,1,0,1,0,0,0,1,0,0,0,0,0,0,0,0,0,0,0,0,5,0,0,0,0,0,0,0,0,0,0,0,0,0,0,7,-1,0
c:\Users\jvgpl\OneDrive\Documentos\SO\teste\lab-experimentacao\LAB02\repos\9GAG\app\src\main\java\me\storm\ninegag\ui\MainActivity.java,me.storm.ninegag.ui.MainActivity,class,16,19,3,16,10,3,0,27,5,0.7551021,0.3809524,0.47619048,7,0,5,0,2,0,7,0,0,0,7,0,0,4,0,3,0,0,1,74,5,0,1,0,0,0,4,5,0,8,1,1,0,0,50,1,0
c:\Users\jvgpl\OneDrive\Documentos\SO\teste\lab-experimentacao\LAB02\repos\9GAG\app\src\main\java\me\storm\ninegag\view\titanic\Titanic.java,me.storm.ninegag.view.titanic.Titanic$Anonymous1,anonymous,5,5,0,5,2,1,0,11,0,0.0,NaN,NaN,1,0,1,0,0,0,1,0,0,0,0,0,0,0,0,0,0,0,0,41,0,0,1,0,0,2,8,4,2,3,1,1,0,0,14,-1,0
c:\Users\jvgpl\OneDrive\Documentos\SO\teste\lab-experimentacao\LAB02\repos\9GAG\app\src\main\java\me\storm\ninegag\util\ListViewUtils.java,me.storm.ninegag.util.ListViewUtils$Anonymous1,anonymous,0,0,0,0,1,1,0,1,0,0.0,NaN,NaN,1,0,1,0,0,0,1,0,0,0,0,0,0,0,0,0,0,0,0,5,0,0,0,0,0,0,1,0,0,0,0,0,0,0,1,-1,0
c:\Users\jvgpl\OneDrive\Documentos\SO\teste\lab-experimentacao\LAB02\repos\9GAG\app\src\main\java\me\storm\ninegag\view\titanic\Titanic.java,me.storm.ninegag.view.titanic.Titanic$Anonymous1$Anonymous2,anonymous,2,2,0,2,5,1,0,3,6,0.0,0.0,0.0,4,0,4,0,0,0,4,0,0,0,0,0,0,0,0,0,0,0,0,18,0,0,0,0,0,0,0,1,0,0,1,0,0,0,12,-1,0
c:\Users\jvgpl\OneDrive\Documentos\SO\teste\lab-experimentacao\LAB02\repos\9GAG\app\src\main\java\me\storm\ninegag\ui\MainActivity.java,me.storm.ninegag.ui.MainActivity$Anonymous1,anonymous,3,3,0,3,2,1,0,8,1,0.0,0.0,0.0,2,0,2,0,0,0,2,0,0,0,0,0,0,0,0,0,0,0,0,14,0,0,0,0,0,0,0,0,0,0,0,0,0,0,11,-1,0
c:\Users\jvgpl\OneDrive\Documentos\SO\teste\lab-experimentacao\LAB02\repos\9GAG\app\src\main\java\me\storm\ninegag\util\database\Column.java,me.storm.ninegag.util.database.Column$Constraint,enum,0,0,0,0,2,1,0,0,0,0.0,NaN,NaN,2,0,1,1,0,0,1,0,0,0,1,0,0,1,0,0,0,0,0,8,1,0,0,0,0,6,0,1,0,1,0,0,0,0,24,9,0
c:\Users\jvgpl\OneDrive\Documentos\SO\teste\lab-experimentacao\LAB02\repos\9GAG\app\src\main\java\me\storm\ninegag\view\BaseFoldingLayout.java,me.storm.ninegag.view.BaseFoldingLayout$NumberOfFoldingLayoutChildrenException,innerclass,0,0,0,0,1,4,0,0,0,1.0,NaN,NaN,1,0,1,0,0,0,1,0,0,0,1,1,0,1,0,0,1,0,0,6,0,0,0,0,0,0,1,1,0,1,0,0,0,0,32,2,0
c:\Users\jvgpl\OneDrive\Documentos\SO\teste\lab-experimentacao\LAB02\repos\9GAG\app\src\main\java\me\storm\ninegag\view\swipeback\SwipeBackActivityHelper.java,me.storm.ninegag.view.swipeback.SwipeBackActivityHelper$Anonymous1,anonymous,1,1,0,1,5,1,0,2,3,0.0,0.0,0.0,3,0,3,0,0,0,3,0,0,0,0,0,0,0,0,0,0,0,0,12,0,0,2,0,0,0,1,0,0,0,1,0,0,0,18,-1,0
c:\Users\jvgpl\OneDrive\Documentos\SO\teste\lab-experimentacao\LAB02\repos\9GAG\app\src\main\java\me\storm\ninegag\model\Category.java,me.storm.ninegag.model.Category,enum,0,6,6,0,2,1,0,0,0,0.0,1.0,1.0,2,0,1,0,0,1,2,0,0,0,1,0,0,1,0,0,0,0,0,8,1,0,0,0,0,3,0,1,0,1,0,0,0,0,14,1,0
c:\Users\jvgpl\OneDrive\Documentos\SO\teste\lab-experimentacao\LAB02\repos\9GAG\app\src\main\java\me\storm\ninegag\model\Feed.java,me.storm.ninegag.model.Feed$FeedRequestData,innerclass,2,2,0,2,1,1,0,0,0,0.5,NaN,NaN,1,0,1,0,0,0,1,0,0,0,2,0,2,0,0,0,0,0,0,7,1,0,0,0,0,0,0,0,0,2,0,0,0,0,8,9,0
c:\Users\jvgpl\OneDrive\Documentos\SO\teste\lab-experimentacao\LAB02\repos\9GAG\app\src\main\java\me\storm\ninegag\view\swipeback\SwipeBackLayout.java,me.storm.ninegag.view.swipeback.SwipeBackLayout$ViewDragCallback,innerclass,4,4,0,4,55,2,0,19,26,0.75,0.035714287,0.035714287,8,0,8,0,0,0,8,0,0,0,1,0,0,1,0,0,0,0,9,98,5,3,16,0,15,0,26,24,9,8,3,0,0,0,66,2,0
c:\Users\jvgpl\OneDrive\Documentos\SO\teste\lab-experimentacao\LAB02\repos\9GAG\app\src\main\java\me\storm\ninegag\model\Feed.java,me.storm.ninegag.model.Feed,class,6,10,4,6,5,2,0,7,0,0.7916667,0.0,0.0,4,4,2,2,0,0,2,0,0,0,6,1,5,1,0,0,1,0,2,45,4,0,1,0,0,0,0,4,0,8,1,0,4,0,31,1,0
c:\Users\jvgpl\OneDrive\Documentos\SO\teste\lab-experimentacao\LAB02\repos\9GAG\app\src\main\java\me\storm\ninegag\ui\fragment\FeedsFragment.java,me.storm.ninegag.ui.fragment.FeedsFragment$Anonymous4$Anonymous5,anonymous,3,3,0,3,4,1,0,6,1,0.0,0.0,0.0,2,0,0,0,2,0,2,0,0,0,0,0,0,0,0,0,0,0,0,20,1,0,0,0,0,0,0,2,0,1,1,0,0,0,20,-1,0
c:\Users\jvgpl\OneDrive\Documentos\SO\teste\lab-experimentacao\LAB02\repos\9GAG\app\src\main\java\me\storm\ninegag\util\TaskUtils.java,me.storm.ninegag.util.TaskUtils,class,2,2,0,2,2,1,0,2,0,0.0,NaN,NaN,1,1,1,0,0,0,1,0,0,0,0,0,0,0,0,0,0,0,0,10,0,0,0,0,0,0,1,0,0,0,1,0,0,0,9,1,0
c:\Users\jvgpl\OneDrive\Documentos\SO\teste\lab-experimentacao\LAB02\repos\9GAG\app\src\main\java\me\storm\ninegag\ui\fragment\BaseFragment.java,me.storm.ninegag.ui.fragment.BaseFragment,class,6,9,3,6,3,2,2,3,3,0.0,0.0,0.0,3,0,1,0,2,0,3,0,0,0,0,0,0,0,0,0,0,0,2,17,1,0,0,0,0,0,0,0,0,0,0,1,0,0,12,1025,0
c:\Users\jvgpl\OneDrive\Documentos\SO\teste\lab-experimentacao\LAB02\repos\9GAG\app\src\main\java\me\storm\ninegag\view\BaseFoldingLayout.java,me.storm.ninegag.view.BaseFoldingLayout,class,17,20,3,17,86,5,0,44,149,0.8878786,0.07189543,0.11111111,22,0,14,4,4,0,18,0,0,0,30,0,0,28,2,0,5,0,5,334,11,6,16,0,29,2,128,122,80,64,3,0,3,0,254,1,0
c:\Users\jvgpl\OneDrive\Documentos\SO\teste\lab-experimentacao\LAB02\repos\9GAG\app\src\main\java\me\storm\ninegag\ui\PreferenceActivity.java,me.storm.ninegag.ui.PreferenceActivity,class,4,5,1,4,1,4,0,6,0,0.0,NaN,NaN,1,0,0,0,1,0,1,0,0,0,0,0,0,0,0,0,0,0,0,7,0,0,0,0,0,0,0,0,0,0,0,0,0,0,18,1,0
c:\Users\jvgpl\OneDrive\Documentos\SO\teste\lab-experimentacao\LAB02\repos\9GAG\app\src\main\java\me\storm\ninegag\util\BitmapUtils.java,me.storm.ninegag.util.BitmapUtils,class,4,6,2,4,3,1,0,5,1,0.0,0.0,0.0,2,2,2,0,0,0,2,0,0,0,0,0,0,0,0,0,0,0,1,18,2,0,0,0,2,0,4,5,9,5,1,0,0,0,24,1,0
c:\Users\jvgpl\OneDrive\Documentos\SO\teste\lab-experimentacao\LAB02\repos\9GAG\app\src\main\java\me\storm\ninegag\data\BitmapLruCache.java,me.storm.ninegag.data.BitmapLruCache,class,3,4,1,3,5,2,0,5,6,0.0,0.0,0.0,4,0,3,0,1,0,4,0,0,0,0,0,0,0,0,0,0,0,0,17,3,0,0,0,0,0,0,0,1,0,1,0,0,0,15,1,0
c:\Users\jvgpl\OneDrive\Documentos\SO\teste\lab-experimentacao\LAB02\repos\9GAG\app\src\main\java\me\storm\ninegag\view\BaseFoldingLayout.java,me.storm.ninegag.view.BaseFoldingLayout$Orientation,enum,0,0,0,0,0,1,0,0,0,0.0,-1.0,-1.0,0,0,0,0,0,0,0,0,0,0,0,0,0,0,0,0,0,0,0,1,0,0,0,0,0,0,0,0,0,0,0,0,0,0,11,9,0
c:\Users\jvgpl\OneDrive\Documentos\SO\teste\lab-experimentacao\LAB02\repos\9GAG\app\src\main\java\me\storm\ninegag\view\LoadingFooter.java,me.storm.ninegag.view.LoadingFooter,class,7,11,4,7,8,1,0,8,0,0.56000006,0.7,1.0,5,0,5,0,0,0,5,0,0,0,5,0,0,1,2,2,0,0,0,55,3,0,1,0,0,0,0,6,0,5,1,2,1,0,19,1,0
c:\Users\jvgpl\OneDrive\Documentos\SO\teste\lab-experimentacao\LAB02\repos\9GAG\app\src\main\java\me\storm\ninegag\view\ProgressWheel.java,me.storm.ninegag.view.ProgressWheel,class,10,13,3,10,48,2,0,39,746,0.92633224,0.05487805,0.26707318,44,0,39,3,2,0,41,0,0,0,29,0,0,27,0,2,0,0,2,246,16,1,0,0,14,5,47,79,38,34,1,1,0,0,144,1,0
c:\Users\jvgpl\OneDrive\Documentos\SO\teste\lab-experimentacao\LAB02\repos\9GAG\extras\ShimmerAndroid\src\main\java\com\romainpiel\shimmer\ShimmerViewHelper.java,com.romainpiel.shimmer.ShimmerViewHelper$AnimationSetupCallback,interface,1,1,0,1,1,1,0,0,0,0.0,NaN,NaN,1,0,0,0,0,1,1,0,0,0,0,0,0,0,0,0,0,0,0,3,0,0,0,0,0,0,0,0,0,0,0,0,0,0,6,1,0
c:\Users\jvgpl\OneDrive\Documentos\SO\teste\lab-experimentacao\LAB02\repos\9GAG\app\src\main\java\me\storm\ninegag\view\OnLoadNextListener.java,me.storm.ninegag.view.OnLoadNextListener,interface,0,3,3,0,1,1,0,0,0,0.0,NaN,NaN,1,0,1,0,0,0,1,0,0,0,0,0,0,0,0,0,0,0,0,3,0,0,0,0,0,0,0,0,0,0,0,0,0,0,8,1,0
c:\Users\jvgpl\OneDrive\Documentos\SO\teste\lab-experimentacao\LAB02\repos\9GAG\app\src\main\java\me\storm\ninegag\util\ActionBarUtils.java,me.storm.ninegag.util.ActionBarUtils,class,2,3,1,2,2,1,0,3,1,0.0,0.0,0.0,2,2,2,0,0,0,2,0,0,0,0,0,0,0,0,0,0,0,0,10,2,0,0,0,0,6,0,2,0,2,0,0,0,0,14,1,0
c:\Users\jvgpl\OneDrive\Documentos\SO\teste\lab-experimentacao\LAB02\repos\9GAG\app\src\main\java\me\storm\ninegag\view\FoldingDrawerLayout.java,me.storm.ninegag.view.FoldingDrawerLayout,class,8,10,2,8,15,2,0,17,36,0.0,0.0,0.0,9,0,5,2,1,1,7,0,0,0,0,0,0,0,0,0,0,0,0,53,5,1,1,0,3,3,3,8,2,8,2,0,0,0,55,1,0
c:\Users\jvgpl\OneDrive\Documentos\SO\teste\lab-experimentacao\LAB02\repos\9GAG\extras\ShimmerAndroid\src\main\java\com\romainpiel\shimmer\Shimmer.java,com.romainpiel.shimmer.Shimmer$Anonymous1,anonymous,2,2,0,2,3,1,0,8,0,0.0,NaN,NaN,1,0,1,0,0,0,1,0,0,0,0,0,0,0,0,0,0,0,0,38,0,0,2,0,0,1,2,5,0,2,1,1,0,0,26,-1,0
c:\Users\jvgpl\OneDrive\Documentos\SO\teste\lab-experimentacao\LAB02\repos\9GAG\app\src\main\java\me\storm\ninegag\util\CacheUtils.java,me.storm.ninegag.util.CacheUtils,class,2,3,1,2,4,1,0,5,1,0.0,0.0,0.0,2,2,2,0,0,0,2,0,0,0,0,0,0,0,0,0,0,0,1,10,3,0,0,0,0,2,0,1,2,1,1,0,0,0,24,1,0
c:\Users\jvgpl\OneDrive\Documentos\SO\teste\lab-experimentacao\LAB02\repos\9GAG\extras\ShimmerAndroid\src\main\java\com\romainpiel\shimmer\ShimmerViewBase.java,com.romainpiel.shimmer.ShimmerViewBase,interface,1,6,5,1,10,1,0,0,45,0.0,0.0,0.0,10,0,10,0,0,0,10,0,0,0,0,0,0,0,0,0,0,0,0,12,0,0,0,0,0,0,0,0,0,0,0,0,0,0,22,1,0
c:\Users\jvgpl\OneDrive\Documentos\SO\teste\lab-experimentacao\LAB02\repos\9GAG\app\src\main\java\me\storm\ninegag\ui\fragment\DrawerFragment.java,me.storm.ninegag.ui.fragment.DrawerFragment$Anonymous1,anonymous,4,4,0,4,1,1,0,3,0,0.0,NaN,NaN,1,0,1,0,0,0,1,0,0,0,0,0,0,0,0,0,0,0,1,6,0,0,0,0,0,0,0,0,0,0,0,0,0,0,5,-1,0
c:\Users\jvgpl\OneDrive\Documentos\SO\teste\lab-experimentacao\LAB02\repos\9GAG\app\src\main\java\me\storm\ninegag\util\database\Column.java,me.storm.ninegag.util.database.Column$DataType,enum,0,0,0,0,0,1,0,0,0,0.0,-1.0,-1.0,0,0,0,0,0,0,0,0,0,0,0,0,0,0,0,0,0,0,0,1,0,0,0,0,0,0,0,0,0,0,0,0,0,0,6,9,0
c:\Users\jvgpl\OneDrive\Documentos\SO\teste\lab-experimentacao\LAB02\repos\9GAG\extras\ShimmerAndroid\src\main\java\com\romainpiel\shimmer\ShimmerButton.java,com.romainpiel.shimmer.ShimmerButton,class,8,8,0,8,21,2,0,17,0,0.11764706,0.77205884,0.77205884,17,0,16,0,1,0,17,0,0,0,1,0,0,1,0,0,0,0,0,68,5,0,4,0,0,0,2,1,0,1,1,0,0,0,48,1,0
c:\Users\jvgpl\OneDrive\Documentos\SO\teste\lab-experimentacao\LAB02\repos\9GAG\app\src\main\java\me\storm\ninegag\dao\DBHelper.java,me.storm.ninegag.dao.DBHelper,class,4,6,2,4,3,2,0,1,3,0.6666667,0.0,0.0,3,0,3,0,0,0,3,0,0,0,2,2,0,2,0,0,2,0,0,12,0,0,0,0,0,1,1,2,0,2,0,0,0,0,28,1,0
c:\Users\jvgpl\OneDrive\Documentos\SO\teste\lab-experimentacao\LAB02\repos\9GAG\app\src\main\java\me\storm\ninegag\dao\FeedsDataHelper.java,me.storm.ninegag.dao.FeedsDataHelper$FeedsDBInfo,innerclass,2,2,0,2,1,1,0,1,0,0.0,-1.0,-1.0,1,0,0,1,0,0,0,0,0,0,5,5,5,0,0,0,5,0,0,9,0,0,0,0,0,4,0,5,0,5,0,0,0,0,24,25,0
c:\Users\jvgpl\OneDrive\Documentos\SO\teste\lab-experimentacao\LAB02\repos\9GAG\extras\ShimmerAndroid\src\main\java\com\romainpiel\shimmer\Shimmer.java,com.romainpiel.shimmer.Shimmer$Anonymous3,anonymous,1,1,0,1,1,1,0,1,0,0.0,NaN,NaN,1,0,1,0,0,0,1,0,0,0,0,0,0,0,0,0,0,0,0,5,0,0,0,0,0,0,0,0,0,0,0,0,0,0,5,-1,0
c:\Users\jvgpl\OneDrive\Documentos\SO\teste\lab-experimentacao\LAB02\repos\9GAG\app\src\main\java\me\storm\ninegag\view\swipeback\ViewDragHelper.java,me.storm.ninegag.view.swipeback.ViewDragHelper$Callback,innerclass,1,1,0,1,13,1,0,0,78,0.0,0.0,0.0,13,0,13,0,0,0,13,1,0,0,0,0,0,0,0,0,0,0,0,33,6,0,0,0,0,0,4,0,0,0,0,0,0,0,243,1033,0
c:\Users\jvgpl\OneDrive\Documentos\SO\teste\lab-experimentacao\LAB02\repos\9GAG\app\src\main\java\me\storm\ninegag\model\Feed.java,me.storm.ninegag.model.Feed$Image,innerclass,0,0,0,0,0,1,0,0,0,NaN,-1.0,-1.0,0,0,0,0,0,0,0,0,0,0,3,0,3,0,0,0,0,0,0,5,0,0,0,0,0,0,0,0,0,3,0,0,0,0,4,1,0
c:\Users\jvgpl\OneDrive\Documentos\SO\teste\lab-experimentacao\LAB02\repos\9GAG\app\src\main\java\me\storm\ninegag\util\VersionUtils.java,me.storm.ninegag.util.VersionUtils,class,0,0,0,0,3,1,0,0,0,NaN,-1.0,-1.0,0,0,0,0,0,0,0,0,0,0,3,3,3,0,0,0,3,0,0,5,0,0,3,0,0,0,0,3,0,3,0,0,0,0,21,1,0
c:\Users\jvgpl\OneDrive\Documentos\SO\teste\lab-experimentacao\LAB02\repos\9GAG\app\src\main\java\me\storm\ninegag\data\ImageCacheManager.java,me.storm.ninegag.data.ImageCacheManager$Anonymous1,anonymous,6,6,0,6,7,1,0,7,1,0.0,0.0,0.0,2,0,2,0,0,0,2,0,0,0,0,0,0,0,0,0,0,0,1,23,0,0,4,0,0,0,1,1,0,1,2,0,0,0,15,-1,0
c:\Users\jvgpl\OneDrive\Documentos\SO\teste\lab-experimentacao\LAB02\repos\9GAG\app\src\main\java\me\storm\ninegag\dao\BaseDataHelper.java,me.storm.ninegag.dao.BaseDataHelper,class,6,8,2,6,13,1,1,9,0,0.23076923,0.5769231,0.5769231,13,0,4,0,9,0,13,1,8,0,1,0,0,1,0,0,0,0,0,40,10,0,0,0,0,0,0,1,0,1,0,0,0,0,31,1025,0
c:\Users\jvgpl\OneDrive\Documentos\SO\teste\lab-experimentacao\LAB02\repos\9GAG\app\src\main\java\me\storm\ninegag\view\swipeback\SwipeBackActivityHelper.java,me.storm.ninegag.view.swipeback.SwipeBackActivityHelper,class,7,10,3,7,13,1,0,17,0,0.35714287,0.71428573,1.0,7,0,7,0,0,0,7,0,0,0,2,0,0,2,0,0,0,0,0,72,3,1,1,2,0,5,3,9,0,8,3,1,0,0,81,1,0
c:\Users\jvgpl\OneDrive\Documentos\SO\teste\lab-experimentacao\LAB02\repos\9GAG\app\src\main\java\me\storm\ninegag\util\ToastUtils.java,me.storm.ninegag.util.ToastUtils,class,2,5,3,2,7,1,0,3,21,0.0,0.0,0.0,7,6,4,3,0,0,4,0,0,0,0,0,0,0,0,0,0,0,4,22,0,0,0,0,0,0,0,0,0,0,0,0,0,0,14,1,0
c:\Users\jvgpl\OneDrive\Documentos\SO\teste\lab-experimentacao\LAB02\repos\9GAG\app\src\main\java\me\storm\ninegag\data\GsonRequest.java,me.storm.ninegag.data.GsonRequest,class,8,9,1,8,8,2,0,7,4,0.65,0.3,0.6,5,0,3,0,2,0,5,0,0,0,4,0,0,4,0,0,4,0,0,33,4,0,1,1,0,0,0,5,0,5,1,0,0,0,33,1,0
c:\Users\jvgpl\OneDrive\Documentos\SO\teste\lab-experimentacao\LAB02\repos\9GAG\app\src\main\java\me\storm\ninegag\ui\adapter\CardsAnimationAdapter.java,me.storm.ninegag.ui.adapter.CardsAnimationAdapter,class,5,6,1,5,4,2,0,1,6,0.75,0.0,0.0,4,0,2,0,2,0,4,0,0,0,3,0,0,3,0,0,0,0,0,17,3,0,0,0,0,2,6,3,0,3,0,0,0,0,22,1,0
c:\Users\jvgpl\OneDrive\Documentos\SO\teste\lab-experimentacao\LAB02\repos\9GAG\app\src\main\java\me\storm\ninegag\view\titanic\TitanicTextView.java,me.storm.ninegag.view.titanic.TitanicTextView,class,11,18,7,11,24,2,0,22,123,0.8703703,0.108333334,0.225,18,0,14,2,2,0,16,0,0,0,8,0,0,8,0,0,0,0,0,103,5,0,4,0,1,0,3,13,3,13,2,0,1,0,69,1,0
c:\Users\jvgpl\OneDrive\Documentos\SO\teste\lab-experimentacao\LAB02\repos\9GAG\extras\ShimmerAndroid\src\main\java\com\romainpiel\shimmer\Shimmer.java,com.romainpiel.shimmer.Shimmer$Anonymous1$Anonymous2,anonymous,2,2,0,2,5,1,0,3,6,0.0,0.0,0.0,4,0,4,0,0,0,4,0,0,0,0,0,0,0,0,0,0,0,0,18,0,0,0,0,0,0,0,1,0,0,1,0,0,0,11,-1,0
c:\Users\jvgpl\OneDrive\Documentos\SO\teste\lab-experimentacao\LAB02\repos\9GAG\app\src\main\java\me\storm\ninegag\data\RequestManager.java,me.storm.ninegag.data.RequestManager,class,3,5,2,3,4,1,0,5,1,0.33333334,1.0,1.0,3,2,2,1,0,0,2,0,0,0,1,1,1,0,0,0,0,0,1,14,0,0,1,0,0,0,0,1,0,1,1,0,0,0,15,1,0
c:\Users\jvgpl\OneDrive\Documentos\SO\teste\lab-experimentacao\LAB02\repos\9GAG\app\src\main\java\me\storm\ninegag\model\Feed.java,me.storm.ninegag.model.Feed$Paging,innerclass,0,0,0,0,0,1,0,0,0,NaN,-1.0,-1.0,0,0,0,0,0,0,0,0,0,0,1,0,1,0,0,0,0,0,0,3,0,0,0,0,0,0,0,0,0,1,0,0,0,0,2,2,0
c:\Users\jvgpl\OneDrive\Documentos\SO\teste\lab-experimentacao\LAB02\repos\9GAG\app\src\main\java\me\storm\ninegag\util\ListViewUtils.java,me.storm.ninegag.util.ListViewUtils,class,2,3,1,2,5,1,0,4,3,0.0,0.0,0.0,3,2,2,1,0,0,2,0,0,0,0,0,0,0,0,0,0,0,1,24,1,0,1,0,0,0,5,0,0,0,1,1,0,0,16,1,0
c:\Users\jvgpl\OneDrive\Documentos\SO\teste\lab-experimentacao\LAB02\repos\9GAG\app\src\main\java\me\storm\ninegag\view\ProgressWheel.java,me.storm.ninegag.view.ProgressWheel$Anonymous1,anonymous,1,1,0,1,3,1,0,2,0,0.0,NaN,NaN,1,0,1,0,0,0,1,0,0,0,0,0,0,0,0,0,0,0,0,12,0,0,0,0,0,0,3,2,0,0,2,0,0,0,19,-1,0
c:\Users\jvgpl\OneDrive\Documentos\SO\teste\lab-experimentacao\LAB02\repos\9GAG\app\src\main\java\me\storm\ninegag\view\titanic\Titanic.java,me.storm.ninegag.view.titanic.Titanic,class,4,5,1,4,6,1,0,4,4,0.625,0.16666667,0.16666667,4,0,4,0,0,0,4,0,0,0,2,0,0,2,0,0,0,0,0,70,1,0,1,0,0,0,0,2,0,3,1,2,0,0,16,1,0
c:\Users\jvgpl\OneDrive\Documentos\SO\teste\lab-experimentacao\LAB02\repos\9GAG\app\src\main\java\me\storm\ninegag\ui\fragment\FeedsFragment.java,me.storm.ninegag.ui.fragment.FeedsFragment,class,31,35,4,31,23,3,0,41,108,0.8602941,0.08888889,0.13333334,17,1,9,7,1,0,10,0,0,0,8,1,1,5,0,2,1,0,4,147,6,0,3,0,2,5,2,15,0,16,1,5,0,0,92,1,0
c:\Users\jvgpl\OneDrive\Documentos\SO\teste\lab-experimentacao\LAB02\repos\9GAG\app\src\main\java\me\storm\ninegag\ui\fragment\FeedsFragment.java,me.storm.ninegag.ui.fragment.FeedsFragment$Anonymous4,anonymous,2,2,0,2,1,1,0,1,0,0.0,NaN,NaN,1,0,1,0,0,0,1,0,0,0,0,0,0,0,0,0,0,0,0,25,0,0,0,0,0,0,0,0,0,0,0,1,0,0,3,-1,0
c:\Users\jvgpl\OneDrive\Documentos\SO\teste\lab-experimentacao\LAB02\repos\9GAG\app\src\main\java\me\storm\ninegag\ui\fragment\FeedsFragment.java,me.storm.ninegag.ui.fragment.FeedsFragment$Anonymous6,anonymous,4,4,0,4,1,1,0,3,0,0.0,NaN,NaN,1,0,1,0,0,0,1,0,0,0,0,0,0,0,0,0,0,0,1,7,0,0,0,0,0,0,1,0,0,0,0,0,0,0,8,-1,0
c:\Users\jvgpl\OneDrive\Documentos\SO\teste\lab-experimentacao\LAB02\repos\9GAG\app\src\main\java\me\storm\ninegag\api\GagApi.java,me.storm.ninegag.api.GagApi,class,0,0,0,0,0,1,0,0,0,NaN,-1.0,-1.0,0,0,0,0,0,0,0,0,0,0,2,2,1,1,0,0,2,0,0,4,0,0,0,0,0,2,0,2,1,2,0,0,0,0,12,1,0
c:\Users\jvgpl\OneDrive\Documentos\SO\teste\lab-experimentacao\LAB02\repos\9GAG\app\src\main\java\me\storm\ninegag\model\BaseModel.java,me.storm.ninegag.model.BaseModel,class,1,3,2,1,1,1,1,1,0,0.0,NaN,NaN,1,0,1,0,0,0,1,0,0,0,0,0,0,0,0,0,0,0,0,5,1,0,0,0,0,0,0,0,0,0,0,0,0,0,9,1025,0
c:\Users\jvgpl\OneDrive\Documentos\SO\teste\lab-experimentacao\LAB02\repos\9GAG\app\src\main\java\me\storm\ninegag\util\database\Column.java,me.storm.ninegag.util.database.Column,class,2,3,1,2,4,1,0,0,0,0.5,0.5,1.0,4,0,4,0,0,0,4,0,0,0,3,0,0,3,0,0,0,0,0,28,3,0,0,0,0,0,0,3,0,3,0,0,2,0,38,1,0
c:\Users\jvgpl\OneDrive\Documentos\SO\teste\lab-experimentacao\LAB02\repos\9GAG\app\src\main\java\me\storm\ninegag\ui\fragment\FeedsFragment.java,me.storm.ninegag.ui.fragment.FeedsFragment$Anonymous1,anonymous,1,1,0,1,1,1,0,1,0,0.0,NaN,NaN,1,0,1,0,0,0,1,0,0,0,0,0,0,0,0,0,0,0,0,5,0,0,0,0,0,0,0,0,0,0,0,0,0,0,4,-1,0
c:\Users\jvgpl\OneDrive\Documentos\SO\teste\lab-experimentacao\LAB02\repos\9GAG\app\src\main\java\me\storm\ninegag\util\DensityUtils.java,me.storm.ninegag.util.DensityUtils,class,1,2,1,1,2,1,0,2,1,0.0,0.0,0.0,2,2,2,0,0,0,2,0,0,0,0,0,0,0,0,0,0,0,0,10,2,0,0,0,2,0,2,2,4,2,0,0,0,0,13,1,0
c:\Users\jvgpl\OneDrive\Documentos\SO\teste\lab-experimentacao\LAB02\repos\9GAG\app\src\main\java\me\storm\ninegag\ui\fragment\FeedsFragment.java,me.storm.ninegag.ui.fragment.FeedsFragment$Anonymous3,anonymous,1,1,0,1,1,1,0,1,0,0.0,NaN,NaN,1,0,1,0,0,0,1,0,0,0,0,0,0,0,0,0,0,0,0,5,0,0,0,0,0,0,2,0,0,0,0,0,0,0,4,-1,0
c:\Users\jvgpl\OneDrive\Documentos\SO\teste\lab-experimentacao\LAB02\repos\9GAG\app\src\main\java\me\storm\ninegag\ui\fragment\FeedsFragment.java,me.storm.ninegag.ui.fragment.FeedsFragment$Anonymous2,anonymous,5,5,0,5,1,1,0,5,0,0.0,NaN,NaN,1,0,1,0,0,0,1,0,0,0,0,0,0,0,0,0,0,0,0,8,0,0,0,0,0,0,0,2,1,2,0,0,0,0,13,-1,0
c:\Users\jvgpl\OneDrive\Documentos\SO\teste\lab-experimentacao\LAB02\repos\9GAG\app\src\main\java\me\storm\ninegag\dao\DataProvider.java,me.storm.ninegag.dao.DataProvider,class,11,13,2,11,14,2,0,24,14,0.8625,0.21428572,0.21428572,8,1,7,1,0,0,8,0,0,0,10,10,5,3,0,2,9,0,5,113,8,0,1,3,0,8,4,28,4,25,2,0,0,0,71,1,0
c:\Users\jvgpl\OneDrive\Documentos\SO\teste\lab-experimentacao\LAB02\repos\9GAG\app\src\main\java\me\storm\ninegag\ui\fragment\BaseFragment.java,me.storm.ninegag.ui.fragment.BaseFragment$Anonymous1,anonymous,2,2,0,2,1,1,0,2,0,0.0,NaN,NaN,1,0,1,0,0,0,1,0,0,0,0,0,0,0,0,0,0,0,1,5,0,0,0,0,0,0,0,0,0,0,0,0,0,0,5,-1,0
c:\Users\jvgpl\OneDrive\Documentos\SO\teste\lab-experimentacao\LAB02\repos\9GAG\app\src\main\java\me\storm\ninegag\util\Blur.java,me.storm.ninegag.util.Blur,class,7,8,1,7,15,1,0,19,0,1.0,NaN,NaN,1,1,1,0,0,0,1,0,0,0,1,1,0,1,0,0,1,0,8,177,3,7,2,0,16,8,98,146,48,42,3,0,0,0,64,1,0
c:\Users\jvgpl\OneDrive\Documentos\SO\teste\lab-experimentacao\LAB02\repos\9GAG\app\src\main\java\me\storm\ninegag\view\PageListView.java,me.storm.ninegag.view.PageListView,class,9,10,1,9,15,2,0,11,22,0.6666667,0.14285715,0.21428572,9,0,8,1,0,0,8,0,0,0,2,0,0,2,0,0,0,0,0,41,1,0,5,0,0,0,1,2,2,2,1,0,0,0,42,1,0
c:\Users\jvgpl\OneDrive\Documentos\SO\teste\lab-experimentacao\LAB02\repos\9GAG\app\src\main\java\me\storm\ninegag\view\PageStaggeredGridView.java,me.storm.ninegag.view.PageStaggeredGridView,class,9,12,3,9,15,2,0,11,22,0.6666667,0.14285715,0.21428572,9,0,8,1,0,0,8,0,0,0,2,0,0,2,0,0,0,0,0,41,1,0,5,0,0,0,1,2,2,2,1,0,0,0,44,1,0
c:\Users\jvgpl\OneDrive\Documentos\SO\teste\lab-experimentacao\LAB02\repos\9GAG\app\src\main\java\me\storm\ninegag\App.java,me.storm.ninegag.App,class,6,14,8,6,3,2,0,12,1,0.33333334,0.33333334,0.33333334,3,2,3,0,0,0,3,0,0,0,1,1,0,1,0,0,0,0,1,15,1,0,0,0,0,0,7,2,3,2,0,0,0,0,23,1,0
c:\Users\jvgpl\OneDrive\Documentos\SO\teste\lab-experimentacao\LAB02\repos\9GAG\app\src\main\java\me\storm\ninegag\view\swipeback\SwipeBackLayout.java,me.storm.ninegag.view.swipeback.SwipeBackLayout$SwipeListener,interface,0,0,0,0,3,1,0,0,3,0.0,0.0,0.0,3,0,3,0,0,0,3,0,0,0,0,0,0,0,0,0,0,0,0,5,0,0,0,0,0,0,0,0,0,0,0,0,0,0,32,9,0
c:\Users\jvgpl\OneDrive\Documentos\SO\teste\lab-experimentacao\LAB02\repos\9GAG\app\src\main\java\me\storm\ninegag\ui\fragment\PreferenceFragment.java,me.storm.ninegag.ui.fragment.PreferenceFragment,class,4,5,1,4,2,2,0,10,0,0.0,NaN,NaN,1,0,1,0,0,0,1,0,0,0,0,0,0,0,0,0,0,0,0,15,0,0,0,1,0,1,0,2,1,2,1,0,0,0,24,1,0
c:\Users\jvgpl\OneDrive\Documentos\SO\teste\lab-experimentacao\LAB02\repos\9GAG\app\src\main\java\me\storm\ninegag\view\swipeback\SwipeBackLayout.java,me.storm.ninegag.view.swipeback.SwipeBackLayout,class,17,21,4,17,64,3,0,55,164,0.90709656,0.21212122,0.3982684,25,0,20,3,2,0,22,0,0,0,31,13,7,24,0,0,13,0,1,326,7,0,17,1,18,1,36,59,16,53,1,0,2,0,236,1,0
