file,class,method,variable,usage
d:\repositorio_git\lab-experimentacao\LAB02\repos\DevsmartLib-Android\devsmartlib\src\com\devsmart\android\LightweightTimer.java,com.devsmart.android.LightweightTimer,setOnTick/1[java.lang.Runnable],mOnTickCallback,1
d:\repositorio_git\lab-experimentacao\LAB02\repos\DevsmartLib-Android\devsmartlib\src\com\devsmart\android\LightweightTimer.java,com.devsmart.android.LightweightTimer,start/0,mOnTick,1
d:\repositorio_git\lab-experimentacao\LAB02\repos\DevsmartLib-Android\devsmartlib\src\com\devsmart\android\LightweightTimer.java,com.devsmart.android.LightweightTimer,start/0,mRunning,1
d:\repositorio_git\lab-experimentacao\LAB02\repos\DevsmartLib-Android\devsmartlib\src\com\devsmart\android\LightweightTimer.java,com.devsmart.android.LightweightTimer,start/0,mOnTickCallback,1
d:\repositorio_git\lab-experimentacao\LAB02\repos\DevsmartLib-Android\devsmartlib\src\com\devsmart\android\LightweightTimer.java,com.devsmart.android.LightweightTimer,start/0,mHandler,1
d:\repositorio_git\lab-experimentacao\LAB02\repos\DevsmartLib-Android\devsmartlib\src\com\devsmart\android\LightweightTimer.java,com.devsmart.android.LightweightTimer,start/0,mInterval,1
d:\repositorio_git\lab-experimentacao\LAB02\repos\DevsmartLib-Android\devsmartlib\src\com\devsmart\android\LightweightTimer.java,com.devsmart.android.LightweightTimer,setInterval/1[long],mInterval,1
d:\repositorio_git\lab-experimentacao\LAB02\repos\DevsmartLib-Android\devsmartlib\src\com\devsmart\android\LightweightTimer.java,com.devsmart.android.LightweightTimer,stop/0,mOnTick,1
d:\repositorio_git\lab-experimentacao\LAB02\repos\DevsmartLib-Android\devsmartlib\src\com\devsmart\android\LightweightTimer.java,com.devsmart.android.LightweightTimer,stop/0,mRunning,1
d:\repositorio_git\lab-experimentacao\LAB02\repos\DevsmartLib-Android\devsmartlib\src\com\devsmart\android\LightweightTimer.java,com.devsmart.android.LightweightTimer,stop/0,mHandler,1
d:\repositorio_git\lab-experimentacao\LAB02\repos\DevsmartLib-Android\devsmartlib\src\com\devsmart\android\LocationService.java,com.devsmart.android.LocationService,onBind/1[com.devsmart.android.Intent],mService,1
d:\repositorio_git\lab-experimentacao\LAB02\repos\DevsmartLib-Android\devsmartlib\src\com\devsmart\android\LocationService.java,com.devsmart.android.LocationService,onCreate/0,mLocationListener,2
d:\repositorio_git\lab-experimentacao\LAB02\repos\DevsmartLib-Android\devsmartlib\src\com\devsmart\android\LocationService.java,com.devsmart.android.LocationService,onCreate/0,mBestLocation,5
d:\repositorio_git\lab-experimentacao\LAB02\repos\DevsmartLib-Android\devsmartlib\src\com\devsmart\android\LocationService.java,com.devsmart.android.LocationService,onCreate/0,mLocationManager,5
d:\repositorio_git\lab-experimentacao\LAB02\repos\DevsmartLib-Android\devsmartlib\src\com\devsmart\android\LocationService.java,com.devsmart.android.LocationService,onDestroy/0,mLocationListener,1
d:\repositorio_git\lab-experimentacao\LAB02\repos\DevsmartLib-Android\devsmartlib\src\com\devsmart\android\LocationService.java,com.devsmart.android.LocationService,onDestroy/0,mLocationManager,1
d:\repositorio_git\lab-experimentacao\LAB02\repos\DevsmartLib-Android\devsmartlib\src\com\devsmart\android\LocationService.java,com.devsmart.android.LocationService,"isBetterLocation/2[com.devsmart.android.Location,com.devsmart.android.Location]",TWO_MINUTES,2
d:\repositorio_git\lab-experimentacao\LAB02\repos\DevsmartLib-Android\devsmartlib\src\com\devsmart\android\ServiceBinder.java,com.devsmart.android.ServiceBinder,"ServiceBinder/4[com.devsmart.android.Context,java.lang.Class<? extends com.devsmart.android.Service>,java.lang.Class<? extends com.devsmart.android.IInterface>,java.lang.Runnable]",mOnServiceReady,1
d:\repositorio_git\lab-experimentacao\LAB02\repos\DevsmartLib-Android\devsmartlib\src\com\devsmart\android\ServiceBinder.java,com.devsmart.android.ServiceBinder,"ServiceBinder/4[com.devsmart.android.Context,java.lang.Class<? extends com.devsmart.android.Service>,java.lang.Class<? extends com.devsmart.android.IInterface>,java.lang.Runnable]",mServiceConnection,1
d:\repositorio_git\lab-experimentacao\LAB02\repos\DevsmartLib-Android\devsmartlib\src\com\devsmart\android\ServiceBinder.java,com.devsmart.android.ServiceBinder,"ServiceBinder/4[com.devsmart.android.Context,java.lang.Class<? extends com.devsmart.android.Service>,java.lang.Class<? extends com.devsmart.android.IInterface>,java.lang.Runnable]",mServiceClass,2
d:\repositorio_git\lab-experimentacao\LAB02\repos\DevsmartLib-Android\devsmartlib\src\com\devsmart\android\ServiceBinder.java,com.devsmart.android.ServiceBinder,"ServiceBinder/4[com.devsmart.android.Context,java.lang.Class<? extends com.devsmart.android.Service>,java.lang.Class<? extends com.devsmart.android.IInterface>,java.lang.Runnable]",mInterfaceClass,1
d:\repositorio_git\lab-experimentacao\LAB02\repos\DevsmartLib-Android\devsmartlib\src\com\devsmart\android\ServiceBinder.java,com.devsmart.android.ServiceBinder,"ServiceBinder/4[com.devsmart.android.Context,java.lang.Class<? extends com.devsmart.android.Service>,java.lang.Class<? extends com.devsmart.android.IInterface>,java.lang.Runnable]",mContext,1
d:\repositorio_git\lab-experimentacao\LAB02\repos\DevsmartLib-Android\devsmartlib\src\com\devsmart\android\ServiceBinder.java,com.devsmart.android.ServiceBinder,unBind/0,mServiceConnection,1
d:\repositorio_git\lab-experimentacao\LAB02\repos\DevsmartLib-Android\devsmartlib\src\com\devsmart\android\ServiceBinder.java,com.devsmart.android.ServiceBinder,unBind/0,mContext,1
d:\repositorio_git\lab-experimentacao\LAB02\repos\DevsmartLib-Android\devsmartlib\src\com\devsmart\android\ServiceBinder.java,com.devsmart.android.ServiceBinder,getServiceInterface/0,mServiceInterface,1
d:\repositorio_git\lab-experimentacao\LAB02\repos\DevsmartLib-Android\devsmartlib\src\com\devsmart\android\ui\ProgressDialogFragment.java,com.devsmart.android.ui.ProgressDialogFragment,ProgressDialogFragment/1[java.lang.String],mMessage,1
d:\repositorio_git\lab-experimentacao\LAB02\repos\DevsmartLib-Android\devsmartlib\src\com\devsmart\android\ui\ProgressDialogFragment.java,com.devsmart.android.ui.ProgressDialogFragment,onCreateDialog/1[com.devsmart.android.ui.Bundle],mMessage,1
d:\repositorio_git\lab-experimentacao\LAB02\repos\DevsmartLib-Android\devsmartlib\src\com\devsmart\android\ui\HorizontalListView.java,com.devsmart.android.ui.HorizontalListView,"fillListRight/2[int,int]",mMaxX,3
d:\repositorio_git\lab-experimentacao\LAB02\repos\DevsmartLib-Android\devsmartlib\src\com\devsmart\android\ui\HorizontalListView.java,com.devsmart.android.ui.HorizontalListView,"fillListRight/2[int,int]",mCurrentX,1
d:\repositorio_git\lab-experimentacao\LAB02\repos\DevsmartLib-Android\devsmartlib\src\com\devsmart\android\ui\HorizontalListView.java,com.devsmart.android.ui.HorizontalListView,"fillListRight/2[int,int]",mAdapter,3
d:\repositorio_git\lab-experimentacao\LAB02\repos\DevsmartLib-Android\devsmartlib\src\com\devsmart\android\ui\HorizontalListView.java,com.devsmart.android.ui.HorizontalListView,"fillListRight/2[int,int]",mRightViewIndex,4
d:\repositorio_git\lab-experimentacao\LAB02\repos\DevsmartLib-Android\devsmartlib\src\com\devsmart\android\ui\HorizontalListView.java,com.devsmart.android.ui.HorizontalListView,"fillListRight/2[int,int]",mRemovedViewQueue,1
d:\repositorio_git\lab-experimentacao\LAB02\repos\DevsmartLib-Android\devsmartlib\src\com\devsmart\android\ui\HorizontalListView.java,com.devsmart.android.ui.HorizontalListView,dispatchTouchEvent/1[com.devsmart.android.ui.MotionEvent],mGesture,1
d:\repositorio_git\lab-experimentacao\LAB02\repos\DevsmartLib-Android\devsmartlib\src\com\devsmart\android\ui\HorizontalListView.java,com.devsmart.android.ui.HorizontalListView,setOnItemClickListener/1[AdapterView.OnItemClickListener],mOnItemClicked,1
d:\repositorio_git\lab-experimentacao\LAB02\repos\DevsmartLib-Android\devsmartlib\src\com\devsmart\android\ui\HorizontalListView.java,com.devsmart.android.ui.HorizontalListView,"onFling/4[com.devsmart.android.ui.MotionEvent,com.devsmart.android.ui.MotionEvent,float,float]",mScroller,1
d:\repositorio_git\lab-experimentacao\LAB02\repos\DevsmartLib-Android\devsmartlib\src\com\devsmart\android\ui\HorizontalListView.java,com.devsmart.android.ui.HorizontalListView,"onFling/4[com.devsmart.android.ui.MotionEvent,com.devsmart.android.ui.MotionEvent,float,float]",mNextX,1
d:\repositorio_git\lab-experimentacao\LAB02\repos\DevsmartLib-Android\devsmartlib\src\com\devsmart\android\ui\HorizontalListView.java,com.devsmart.android.ui.HorizontalListView,"onFling/4[com.devsmart.android.ui.MotionEvent,com.devsmart.android.ui.MotionEvent,float,float]",mMaxX,1
d:\repositorio_git\lab-experimentacao\LAB02\repos\DevsmartLib-Android\devsmartlib\src\com\devsmart\android\ui\HorizontalListView.java,com.devsmart.android.ui.HorizontalListView,setOnItemLongClickListener/1[AdapterView.OnItemLongClickListener],mOnItemLongClicked,1
d:\repositorio_git\lab-experimentacao\LAB02\repos\DevsmartLib-Android\devsmartlib\src\com\devsmart\android\ui\HorizontalListView.java,com.devsmart.android.ui.HorizontalListView,getAdapter/0,mAdapter,1
d:\repositorio_git\lab-experimentacao\LAB02\repos\DevsmartLib-Android\devsmartlib\src\com\devsmart\android\ui\HorizontalListView.java,com.devsmart.android.ui.HorizontalListView,onDown/1[com.devsmart.android.ui.MotionEvent],mScroller,1
d:\repositorio_git\lab-experimentacao\LAB02\repos\DevsmartLib-Android\devsmartlib\src\com\devsmart\android\ui\HorizontalListView.java,com.devsmart.android.ui.HorizontalListView,setOnItemSelectedListener/1[AdapterView.OnItemSelectedListener],mOnItemSelected,1
d:\repositorio_git\lab-experimentacao\LAB02\repos\DevsmartLib-Android\devsmartlib\src\com\devsmart\android\ui\HorizontalListView.java,com.devsmart.android.ui.HorizontalListView,initView/0,mLeftViewIndex,1
d:\repositorio_git\lab-experimentacao\LAB02\repos\DevsmartLib-Android\devsmartlib\src\com\devsmart\android\ui\HorizontalListView.java,com.devsmart.android.ui.HorizontalListView,initView/0,mScroller,1
d:\repositorio_git\lab-experimentacao\LAB02\repos\DevsmartLib-Android\devsmartlib\src\com\devsmart\android\ui\HorizontalListView.java,com.devsmart.android.ui.HorizontalListView,initView/0,mNextX,1
d:\repositorio_git\lab-experimentacao\LAB02\repos\DevsmartLib-Android\devsmartlib\src\com\devsmart\android\ui\HorizontalListView.java,com.devsmart.android.ui.HorizontalListView,initView/0,mGesture,1
d:\repositorio_git\lab-experimentacao\LAB02\repos\DevsmartLib-Android\devsmartlib\src\com\devsmart\android\ui\HorizontalListView.java,com.devsmart.android.ui.HorizontalListView,initView/0,mCurrentX,1
d:\repositorio_git\lab-experimentacao\LAB02\repos\DevsmartLib-Android\devsmartlib\src\com\devsmart\android\ui\HorizontalListView.java,com.devsmart.android.ui.HorizontalListView,initView/0,mMaxX,1
d:\repositorio_git\lab-experimentacao\LAB02\repos\DevsmartLib-Android\devsmartlib\src\com\devsmart\android\ui\HorizontalListView.java,com.devsmart.android.ui.HorizontalListView,initView/0,mRightViewIndex,1
d:\repositorio_git\lab-experimentacao\LAB02\repos\DevsmartLib-Android\devsmartlib\src\com\devsmart\android\ui\HorizontalListView.java,com.devsmart.android.ui.HorizontalListView,initView/0,mDisplayOffset,1
d:\repositorio_git\lab-experimentacao\LAB02\repos\DevsmartLib-Android\devsmartlib\src\com\devsmart\android\ui\HorizontalListView.java,com.devsmart.android.ui.HorizontalListView,initView/0,mOnGesture,1
d:\repositorio_git\lab-experimentacao\LAB02\repos\DevsmartLib-Android\devsmartlib\src\com\devsmart\android\ui\HorizontalListView.java,com.devsmart.android.ui.HorizontalListView,removeNonVisibleItems/1[int],mLeftViewIndex,1
d:\repositorio_git\lab-experimentacao\LAB02\repos\DevsmartLib-Android\devsmartlib\src\com\devsmart\android\ui\HorizontalListView.java,com.devsmart.android.ui.HorizontalListView,removeNonVisibleItems/1[int],mRightViewIndex,1
d:\repositorio_git\lab-experimentacao\LAB02\repos\DevsmartLib-Android\devsmartlib\src\com\devsmart\android\ui\HorizontalListView.java,com.devsmart.android.ui.HorizontalListView,removeNonVisibleItems/1[int],mRemovedViewQueue,2
d:\repositorio_git\lab-experimentacao\LAB02\repos\DevsmartLib-Android\devsmartlib\src\com\devsmart\android\ui\HorizontalListView.java,com.devsmart.android.ui.HorizontalListView,removeNonVisibleItems/1[int],mDisplayOffset,1
d:\repositorio_git\lab-experimentacao\LAB02\repos\DevsmartLib-Android\devsmartlib\src\com\devsmart\android\ui\HorizontalListView.java,com.devsmart.android.ui.HorizontalListView,scrollTo/1[int],mScroller,1
d:\repositorio_git\lab-experimentacao\LAB02\repos\DevsmartLib-Android\devsmartlib\src\com\devsmart\android\ui\HorizontalListView.java,com.devsmart.android.ui.HorizontalListView,scrollTo/1[int],mNextX,2
d:\repositorio_git\lab-experimentacao\LAB02\repos\DevsmartLib-Android\devsmartlib\src\com\devsmart\android\ui\HorizontalListView.java,com.devsmart.android.ui.HorizontalListView,"fillListLeft/2[int,int]",mLeftViewIndex,3
d:\repositorio_git\lab-experimentacao\LAB02\repos\DevsmartLib-Android\devsmartlib\src\com\devsmart\android\ui\HorizontalListView.java,com.devsmart.android.ui.HorizontalListView,"fillListLeft/2[int,int]",mAdapter,1
d:\repositorio_git\lab-experimentacao\LAB02\repos\DevsmartLib-Android\devsmartlib\src\com\devsmart\android\ui\HorizontalListView.java,com.devsmart.android.ui.HorizontalListView,"fillListLeft/2[int,int]",mRemovedViewQueue,1
d:\repositorio_git\lab-experimentacao\LAB02\repos\DevsmartLib-Android\devsmartlib\src\com\devsmart\android\ui\HorizontalListView.java,com.devsmart.android.ui.HorizontalListView,"fillListLeft/2[int,int]",mDisplayOffset,1
d:\repositorio_git\lab-experimentacao\LAB02\repos\DevsmartLib-Android\devsmartlib\src\com\devsmart\android\ui\HorizontalListView.java,com.devsmart.android.ui.HorizontalListView,"onLayout/5[boolean,int,int,int,int]",mDataChanged,2
d:\repositorio_git\lab-experimentacao\LAB02\repos\DevsmartLib-Android\devsmartlib\src\com\devsmart\android\ui\HorizontalListView.java,com.devsmart.android.ui.HorizontalListView,"onLayout/5[boolean,int,int,int,int]",mScroller,5
d:\repositorio_git\lab-experimentacao\LAB02\repos\DevsmartLib-Android\devsmartlib\src\com\devsmart\android\ui\HorizontalListView.java,com.devsmart.android.ui.HorizontalListView,"onLayout/5[boolean,int,int,int,int]",mNextX,8
d:\repositorio_git\lab-experimentacao\LAB02\repos\DevsmartLib-Android\devsmartlib\src\com\devsmart\android\ui\HorizontalListView.java,com.devsmart.android.ui.HorizontalListView,"onLayout/5[boolean,int,int,int,int]",mCurrentX,3
d:\repositorio_git\lab-experimentacao\LAB02\repos\DevsmartLib-Android\devsmartlib\src\com\devsmart\android\ui\HorizontalListView.java,com.devsmart.android.ui.HorizontalListView,"onLayout/5[boolean,int,int,int,int]",mMaxX,2
d:\repositorio_git\lab-experimentacao\LAB02\repos\DevsmartLib-Android\devsmartlib\src\com\devsmart\android\ui\HorizontalListView.java,com.devsmart.android.ui.HorizontalListView,"onLayout/5[boolean,int,int,int,int]",mAdapter,1
d:\repositorio_git\lab-experimentacao\LAB02\repos\DevsmartLib-Android\devsmartlib\src\com\devsmart\android\ui\HorizontalListView.java,com.devsmart.android.ui.HorizontalListView,positionItems/1[int],mDisplayOffset,2
d:\repositorio_git\lab-experimentacao\LAB02\repos\DevsmartLib-Android\devsmartlib\src\com\devsmart\android\ui\HorizontalListView.java,com.devsmart.android.ui.HorizontalListView,setAdapter/1[com.devsmart.android.ui.ListAdapter],mDataObserver,2
d:\repositorio_git\lab-experimentacao\LAB02\repos\DevsmartLib-Android\devsmartlib\src\com\devsmart\android\ui\HorizontalListView.java,com.devsmart.android.ui.HorizontalListView,setAdapter/1[com.devsmart.android.ui.ListAdapter],mAdapter,4
d:\repositorio_git\lab-experimentacao\LAB02\repos\DevsmartLib-Android\devsmartlib\src\com\devsmart\android\ui\IteratorListView.java,com.devsmart.android.ui.IteratorListView,init/0,mScroller,1
d:\repositorio_git\lab-experimentacao\LAB02\repos\DevsmartLib-Android\devsmartlib\src\com\devsmart\android\ui\IteratorListView.java,com.devsmart.android.ui.IteratorListView,init/0,mScrollGestureDetector,1
d:\repositorio_git\lab-experimentacao\LAB02\repos\DevsmartLib-Android\devsmartlib\src\com\devsmart\android\ui\IteratorListView.java,com.devsmart.android.ui.IteratorListView,init/0,mOnGesture,1
d:\repositorio_git\lab-experimentacao\LAB02\repos\DevsmartLib-Android\devsmartlib\src\com\devsmart\android\ui\IteratorListView.java,com.devsmart.android.ui.IteratorListView,"setIteratorAdapter/2[java.util.ListIterator<T>,com.devsmart.android.ui.IteratorListView.ViewAdapter<T>]",mIterator,3
d:\repositorio_git\lab-experimentacao\LAB02\repos\DevsmartLib-Android\devsmartlib\src\com\devsmart\android\ui\IteratorListView.java,com.devsmart.android.ui.IteratorListView,"setIteratorAdapter/2[java.util.ListIterator<T>,com.devsmart.android.ui.IteratorListView.ViewAdapter<T>]",mAdapter,1
d:\repositorio_git\lab-experimentacao\LAB02\repos\DevsmartLib-Android\devsmartlib\src\com\devsmart\android\ui\IteratorListView.java,com.devsmart.android.ui.IteratorListView,"setIteratorAdapter/2[java.util.ListIterator<T>,com.devsmart.android.ui.IteratorListView.ViewAdapter<T>]",mBottomItem,1
d:\repositorio_git\lab-experimentacao\LAB02\repos\DevsmartLib-Android\devsmartlib\src\com\devsmart\android\ui\IteratorListView.java,com.devsmart.android.ui.IteratorListView,"setIteratorAdapter/2[java.util.ListIterator<T>,com.devsmart.android.ui.IteratorListView.ViewAdapter<T>]",mTopItem,1
d:\repositorio_git\lab-experimentacao\LAB02\repos\DevsmartLib-Android\devsmartlib\src\com\devsmart\android\ui\IteratorListView.java,com.devsmart.android.ui.IteratorListView,"onMeasure/2[int,int]",mYOffset,1
d:\repositorio_git\lab-experimentacao\LAB02\repos\DevsmartLib-Android\devsmartlib\src\com\devsmart\android\ui\IteratorListView.java,com.devsmart.android.ui.IteratorListView,onTouchEvent/1[com.devsmart.android.ui.MotionEvent],mScrollGestureDetector,1
d:\repositorio_git\lab-experimentacao\LAB02\repos\DevsmartLib-Android\devsmartlib\src\com\devsmart\android\ui\IteratorListView.java,com.devsmart.android.ui.IteratorListView,onTouchEvent/1[com.devsmart.android.ui.MotionEvent],mScroller,2
d:\repositorio_git\lab-experimentacao\LAB02\repos\DevsmartLib-Android\devsmartlib\src\com\devsmart\android\ui\IteratorListView.java,com.devsmart.android.ui.IteratorListView,onTouchEvent/1[com.devsmart.android.ui.MotionEvent],mdY,2
d:\repositorio_git\lab-experimentacao\LAB02\repos\DevsmartLib-Android\devsmartlib\src\com\devsmart\android\ui\IteratorListView.java,com.devsmart.android.ui.IteratorListView,onTouchEvent/1[com.devsmart.android.ui.MotionEvent],mYOffset,1
d:\repositorio_git\lab-experimentacao\LAB02\repos\DevsmartLib-Android\devsmartlib\src\com\devsmart\android\ui\IteratorListView.java,com.devsmart.android.ui.IteratorListView,onTouchEvent/1[com.devsmart.android.ui.MotionEvent],mIsFingerDown,1
d:\repositorio_git\lab-experimentacao\LAB02\repos\DevsmartLib-Android\devsmartlib\src\com\devsmart\android\ui\IteratorListView.java,com.devsmart.android.ui.IteratorListView,onTouchEvent/1[com.devsmart.android.ui.MotionEvent],mLastY,1
d:\repositorio_git\lab-experimentacao\LAB02\repos\DevsmartLib-Android\devsmartlib\src\com\devsmart\android\ui\IteratorListView.java,com.devsmart.android.ui.IteratorListView,removeNonVisibleItems/0,mdY,2
d:\repositorio_git\lab-experimentacao\LAB02\repos\DevsmartLib-Android\devsmartlib\src\com\devsmart\android\ui\IteratorListView.java,com.devsmart.android.ui.IteratorListView,removeNonVisibleItems/0,mYOffset,1
d:\repositorio_git\lab-experimentacao\LAB02\repos\DevsmartLib-Android\devsmartlib\src\com\devsmart\android\ui\IteratorListView.java,com.devsmart.android.ui.IteratorListView,removeNonVisibleItems/0,mBottomItem,1
d:\repositorio_git\lab-experimentacao\LAB02\repos\DevsmartLib-Android\devsmartlib\src\com\devsmart\android\ui\IteratorListView.java,com.devsmart.android.ui.IteratorListView,removeNonVisibleItems/0,mTopItem,1
d:\repositorio_git\lab-experimentacao\LAB02\repos\DevsmartLib-Android\devsmartlib\src\com\devsmart\android\ui\IteratorListView.java,com.devsmart.android.ui.IteratorListView,removeNonVisibleItems/0,mRemovedViewQueue,2
d:\repositorio_git\lab-experimentacao\LAB02\repos\DevsmartLib-Android\devsmartlib\src\com\devsmart\android\ui\IteratorListView.java,com.devsmart.android.ui.IteratorListView,fillUp/0,mIterator,2
d:\repositorio_git\lab-experimentacao\LAB02\repos\DevsmartLib-Android\devsmartlib\src\com\devsmart\android\ui\IteratorListView.java,com.devsmart.android.ui.IteratorListView,fillUp/0,mdY,1
d:\repositorio_git\lab-experimentacao\LAB02\repos\DevsmartLib-Android\devsmartlib\src\com\devsmart\android\ui\IteratorListView.java,com.devsmart.android.ui.IteratorListView,fillUp/0,mAdapter,1
d:\repositorio_git\lab-experimentacao\LAB02\repos\DevsmartLib-Android\devsmartlib\src\com\devsmart\android\ui\IteratorListView.java,com.devsmart.android.ui.IteratorListView,fillUp/0,mYOffset,1
d:\repositorio_git\lab-experimentacao\LAB02\repos\DevsmartLib-Android\devsmartlib\src\com\devsmart\android\ui\IteratorListView.java,com.devsmart.android.ui.IteratorListView,fillUp/0,mTopItem,2
d:\repositorio_git\lab-experimentacao\LAB02\repos\DevsmartLib-Android\devsmartlib\src\com\devsmart\android\ui\IteratorListView.java,com.devsmart.android.ui.IteratorListView,seekTo/1[int],mIterator,6
d:\repositorio_git\lab-experimentacao\LAB02\repos\DevsmartLib-Android\devsmartlib\src\com\devsmart\android\ui\IteratorListView.java,com.devsmart.android.ui.IteratorListView,fillDown/0,mIterator,2
d:\repositorio_git\lab-experimentacao\LAB02\repos\DevsmartLib-Android\devsmartlib\src\com\devsmart\android\ui\IteratorListView.java,com.devsmart.android.ui.IteratorListView,fillDown/0,mdY,1
d:\repositorio_git\lab-experimentacao\LAB02\repos\DevsmartLib-Android\devsmartlib\src\com\devsmart\android\ui\IteratorListView.java,com.devsmart.android.ui.IteratorListView,fillDown/0,mAdapter,1
d:\repositorio_git\lab-experimentacao\LAB02\repos\DevsmartLib-Android\devsmartlib\src\com\devsmart\android\ui\IteratorListView.java,com.devsmart.android.ui.IteratorListView,fillDown/0,mBottomItem,2
d:\repositorio_git\lab-experimentacao\LAB02\repos\DevsmartLib-Android\devsmartlib\src\com\devsmart\android\ui\IteratorListView.java,com.devsmart.android.ui.IteratorListView,positionItems/0,mYOffset,1
d:\repositorio_git\lab-experimentacao\LAB02\repos\DevsmartLib-Android\devsmartlib\src\com\devsmart\android\ui\IteratorListView.java,com.devsmart.android.ui.IteratorListView,getView/1[java.lang.Object],mAdapter,1
d:\repositorio_git\lab-experimentacao\LAB02\repos\DevsmartLib-Android\devsmartlib\src\com\devsmart\android\ui\IteratorListView.java,com.devsmart.android.ui.IteratorListView,getView/1[java.lang.Object],mRemovedViewQueue,1
d:\repositorio_git\lab-experimentacao\LAB02\repos\DevsmartLib-Android\devsmartlib\src\com\devsmart\android\ui\IteratorListView.java,com.devsmart.android.ui.IteratorListView,"onLayout/5[boolean,int,int,int,int]",mScroller,4
d:\repositorio_git\lab-experimentacao\LAB02\repos\DevsmartLib-Android\devsmartlib\src\com\devsmart\android\ui\IteratorListView.java,com.devsmart.android.ui.IteratorListView,"onLayout/5[boolean,int,int,int,int]",mdY,4
d:\repositorio_git\lab-experimentacao\LAB02\repos\DevsmartLib-Android\devsmartlib\src\com\devsmart\android\ui\IteratorListView.java,com.devsmart.android.ui.IteratorListView,"onLayout/5[boolean,int,int,int,int]",mAdapter,1
d:\repositorio_git\lab-experimentacao\LAB02\repos\DevsmartLib-Android\devsmartlib\src\com\devsmart\android\ui\IteratorListView.java,com.devsmart.android.ui.IteratorListView,"onLayout/5[boolean,int,int,int,int]",mBottomItem,1
d:\repositorio_git\lab-experimentacao\LAB02\repos\DevsmartLib-Android\devsmartlib\src\com\devsmart\android\ui\IteratorListView.java,com.devsmart.android.ui.IteratorListView,"onLayout/5[boolean,int,int,int,int]",mYOffset,3
d:\repositorio_git\lab-experimentacao\LAB02\repos\DevsmartLib-Android\devsmartlib\src\com\devsmart\android\ui\IteratorListView.java,com.devsmart.android.ui.IteratorListView,"onLayout/5[boolean,int,int,int,int]",mTopItem,1
d:\repositorio_git\lab-experimentacao\LAB02\repos\DevsmartLib-Android\devsmartlib\src\com\devsmart\android\ui\IteratorListView.java,com.devsmart.android.ui.IteratorListView,"onLayout/5[boolean,int,int,int,int]",mIsFingerDown,1
d:\repositorio_git\lab-experimentacao\LAB02\repos\DevsmartLib-Android\devsmartlib\src\com\devsmart\android\ui\IteratorListView.java,com.devsmart.android.ui.IteratorListView,"onLayout/5[boolean,int,int,int,int]",mLastY,3
d:\repositorio_git\lab-experimentacao\LAB02\repos\DevsmartLib-Android\devsmartlib\src\com\commonsware\cwac\loaderex\ContentChangingTask.java,com.commonsware.cwac.loaderex.ContentChangingTask,onPostExecute/1[T3],loader,1
d:\repositorio_git\lab-experimentacao\LAB02\repos\DevsmartLib-Android\devsmartlib\src\com\commonsware\cwac\loaderex\ContentChangingTask.java,com.commonsware.cwac.loaderex.ContentChangingTask,ContentChangingTask/1[com.commonsware.cwac.loaderex.Loader<?>],loader,3
d:\repositorio_git\lab-experimentacao\LAB02\repos\DevsmartLib-Android\devsmartlib\src\com\devsmart\android\ui\lifecycle\FragmentStateManager.java,com.devsmart.android.ui.lifecycle.FragmentStateManager,onResume/0,mRunWhenActiveQueue,2
d:\repositorio_git\lab-experimentacao\LAB02\repos\DevsmartLib-Android\devsmartlib\src\com\devsmart\android\ui\lifecycle\FragmentStateManager.java,com.devsmart.android.ui.lifecycle.FragmentStateManager,onResume/0,mState,1
d:\repositorio_git\lab-experimentacao\LAB02\repos\DevsmartLib-Android\devsmartlib\src\com\devsmart\android\ui\lifecycle\FragmentStateManager.java,com.devsmart.android.ui.lifecycle.FragmentStateManager,runWhenActive/1[java.lang.Runnable],mRunWhenActiveQueue,3
d:\repositorio_git\lab-experimentacao\LAB02\repos\DevsmartLib-Android\devsmartlib\src\com\devsmart\android\ui\lifecycle\FragmentStateManager.java,com.devsmart.android.ui.lifecycle.FragmentStateManager,runWhenActive/1[java.lang.Runnable],mState,1
d:\repositorio_git\lab-experimentacao\LAB02\repos\DevsmartLib-Android\devsmartlib\src\com\devsmart\android\ui\lifecycle\FragmentStateManager.java,com.devsmart.android.ui.lifecycle.FragmentStateManager,getFragmentState/0,mState,1
d:\repositorio_git\lab-experimentacao\LAB02\repos\DevsmartLib-Android\devsmartlib\src\com\devsmart\android\ui\lifecycle\FragmentStateManager.java,com.devsmart.android.ui.lifecycle.FragmentStateManager,onCreate/1[com.devsmart.android.ui.lifecycle.Bundle],mState,1
d:\repositorio_git\lab-experimentacao\LAB02\repos\DevsmartLib-Android\devsmartlib\src\com\devsmart\android\ui\lifecycle\FragmentStateManager.java,com.devsmart.android.ui.lifecycle.FragmentStateManager,onAttach/1[com.devsmart.android.ui.lifecycle.Activity],mState,1
d:\repositorio_git\lab-experimentacao\LAB02\repos\DevsmartLib-Android\devsmartlib\src\com\devsmart\android\ui\lifecycle\FragmentStateManager.java,com.devsmart.android.ui.lifecycle.FragmentStateManager,onDetach/0,mState,1
d:\repositorio_git\lab-experimentacao\LAB02\repos\DevsmartLib-Android\devsmartlib\src\com\devsmart\android\ui\lifecycle\FragmentStateManager.java,com.devsmart.android.ui.lifecycle.FragmentStateManager,onDestroy/0,mState,1
d:\repositorio_git\lab-experimentacao\LAB02\repos\DevsmartLib-Android\devsmartlib\src\com\devsmart\android\ui\lifecycle\FragmentStateManager.java,com.devsmart.android.ui.lifecycle.FragmentStateManager,onPause/0,mState,1
d:\repositorio_git\lab-experimentacao\LAB02\repos\DevsmartLib-Android\devsmartlib\src\com\devsmart\android\ui\lifecycle\LifecycleHookDialogFragment.java,com.devsmart.android.ui.lifecycle.LifecycleHookDialogFragment,onDetach/0,mHooks,1
d:\repositorio_git\lab-experimentacao\LAB02\repos\DevsmartLib-Android\devsmartlib\src\com\devsmart\android\ui\lifecycle\LifecycleHookDialogFragment.java,com.devsmart.android.ui.lifecycle.LifecycleHookDialogFragment,"onActivityResult/3[int,int,com.devsmart.android.ui.lifecycle.Intent]",mHooks,1
d:\repositorio_git\lab-experimentacao\LAB02\repos\DevsmartLib-Android\devsmartlib\src\com\devsmart\android\ui\lifecycle\LifecycleHookDialogFragment.java,com.devsmart.android.ui.lifecycle.LifecycleHookDialogFragment,addLifecycleHook/1[com.devsmart.android.ui.lifecycle.LifecycleHook],mHooks,1
d:\repositorio_git\lab-experimentacao\LAB02\repos\DevsmartLib-Android\devsmartlib\src\com\devsmart\android\ui\lifecycle\LifecycleHookDialogFragment.java,com.devsmart.android.ui.lifecycle.LifecycleHookDialogFragment,onDestroy/0,mHooks,1
d:\repositorio_git\lab-experimentacao\LAB02\repos\DevsmartLib-Android\devsmartlib\src\com\devsmart\android\ui\lifecycle\LifecycleHookDialogFragment.java,com.devsmart.android.ui.lifecycle.LifecycleHookDialogFragment,onResume/0,mHooks,1
d:\repositorio_git\lab-experimentacao\LAB02\repos\DevsmartLib-Android\devsmartlib\src\com\devsmart\android\ui\lifecycle\LifecycleHookDialogFragment.java,com.devsmart.android.ui.lifecycle.LifecycleHookDialogFragment,onPause/0,mHooks,1
d:\repositorio_git\lab-experimentacao\LAB02\repos\DevsmartLib-Android\devsmartlib\src\com\devsmart\android\ui\lifecycle\LifecycleHookDialogFragment.java,com.devsmart.android.ui.lifecycle.LifecycleHookDialogFragment,onCreate/1[com.devsmart.android.ui.lifecycle.Bundle],mHooks,1
d:\repositorio_git\lab-experimentacao\LAB02\repos\DevsmartLib-Android\devsmartlib\src\com\devsmart\android\ui\lifecycle\LifecycleHookDialogFragment.java,com.devsmart.android.ui.lifecycle.LifecycleHookDialogFragment,onAttach/1[com.devsmart.android.ui.lifecycle.Activity],mHooks,1
d:\repositorio_git\lab-experimentacao\LAB02\repos\DevsmartLib-Android\devsmartlib\src\com\devsmart\android\ui\lifecycle\LifecycleHookDialogFragment.java,com.devsmart.android.ui.lifecycle.LifecycleHookDialogFragment,onSaveInstanceState/1[com.devsmart.android.ui.lifecycle.Bundle],mHooks,1
d:\repositorio_git\lab-experimentacao\LAB02\repos\DevsmartLib-Android\devsmartlib\src\com\commonsware\cwac\loaderex\SQLiteCursorLoader.java,com.commonsware.cwac.loaderex.SQLiteCursorLoader,"SQLiteCursorLoader/4[com.commonsware.cwac.loaderex.Context,com.commonsware.cwac.loaderex.SQLiteOpenHelper,java.lang.String,java.lang.String[]]",args,3
d:\repositorio_git\lab-experimentacao\LAB02\repos\DevsmartLib-Android\devsmartlib\src\com\commonsware\cwac\loaderex\SQLiteCursorLoader.java,com.commonsware.cwac.loaderex.SQLiteCursorLoader,"SQLiteCursorLoader/4[com.commonsware.cwac.loaderex.Context,com.commonsware.cwac.loaderex.SQLiteOpenHelper,java.lang.String,java.lang.String[]]",db,3
d:\repositorio_git\lab-experimentacao\LAB02\repos\DevsmartLib-Android\devsmartlib\src\com\commonsware\cwac\loaderex\SQLiteCursorLoader.java,com.commonsware.cwac.loaderex.SQLiteCursorLoader,"SQLiteCursorLoader/4[com.commonsware.cwac.loaderex.Context,com.commonsware.cwac.loaderex.SQLiteOpenHelper,java.lang.String,java.lang.String[]]",rawQuery,4
d:\repositorio_git\lab-experimentacao\LAB02\repos\DevsmartLib-Android\devsmartlib\src\com\commonsware\cwac\loaderex\SQLiteCursorLoader.java,com.commonsware.cwac.loaderex.SQLiteCursorLoader,"delete/3[java.lang.String,java.lang.String,java.lang.String[]]",db,1
d:\repositorio_git\lab-experimentacao\LAB02\repos\DevsmartLib-Android\devsmartlib\src\com\commonsware\cwac\loaderex\SQLiteCursorLoader.java,com.commonsware.cwac.loaderex.SQLiteCursorLoader,buildCursor/0,args,1
d:\repositorio_git\lab-experimentacao\LAB02\repos\DevsmartLib-Android\devsmartlib\src\com\commonsware\cwac\loaderex\SQLiteCursorLoader.java,com.commonsware.cwac.loaderex.SQLiteCursorLoader,buildCursor/0,db,1
d:\repositorio_git\lab-experimentacao\LAB02\repos\DevsmartLib-Android\devsmartlib\src\com\commonsware\cwac\loaderex\SQLiteCursorLoader.java,com.commonsware.cwac.loaderex.SQLiteCursorLoader,buildCursor/0,rawQuery,2
d:\repositorio_git\lab-experimentacao\LAB02\repos\DevsmartLib-Android\devsmartlib\src\com\commonsware\cwac\loaderex\SQLiteCursorLoader.java,com.commonsware.cwac.loaderex.SQLiteCursorLoader,"insert/3[java.lang.String,java.lang.String,com.commonsware.cwac.loaderex.ContentValues]",db,1
d:\repositorio_git\lab-experimentacao\LAB02\repos\DevsmartLib-Android\devsmartlib\src\com\commonsware\cwac\loaderex\SQLiteCursorLoader.java,com.commonsware.cwac.loaderex.SQLiteCursorLoader,"replace/3[java.lang.String,java.lang.String,com.commonsware.cwac.loaderex.ContentValues]",db,1
d:\repositorio_git\lab-experimentacao\LAB02\repos\DevsmartLib-Android\devsmartlib\src\com\commonsware\cwac\loaderex\SQLiteCursorLoader.java,com.commonsware.cwac.loaderex.SQLiteCursorLoader,"update/4[java.lang.String,com.commonsware.cwac.loaderex.ContentValues,java.lang.String,java.lang.String[]]",db,1
d:\repositorio_git\lab-experimentacao\LAB02\repos\DevsmartLib-Android\devsmartlib\src\com\commonsware\cwac\loaderex\SQLiteCursorLoader.java,com.commonsware.cwac.loaderex.SQLiteCursorLoader,"execSQL/2[java.lang.String,java.lang.Object[]]",db,1
d:\repositorio_git\lab-experimentacao\LAB02\repos\DevsmartLib-Android\devsmartlib\src\com\commonsware\cwac\loaderex\SQLiteCursorLoader.java,com.commonsware.cwac.loaderex.SQLiteCursorLoader,"dump/4[java.lang.String,java.io.FileDescriptor,java.io.PrintWriter,java.lang.String[]]",args,3
d:\repositorio_git\lab-experimentacao\LAB02\repos\DevsmartLib-Android\devsmartlib\src\com\commonsware\cwac\loaderex\SQLiteCursorLoader.java,com.commonsware.cwac.loaderex.SQLiteCursorLoader,"dump/4[java.lang.String,java.io.FileDescriptor,java.io.PrintWriter,java.lang.String[]]",rawQuery,1
d:\repositorio_git\lab-experimentacao\LAB02\repos\DevsmartLib-Android\devsmartlib\src\com\commonsware\cwac\merge\MergeAdapter.java,com.commonsware.cwac.merge.MergeAdapter$PieceState,"PieceState/2[com.commonsware.cwac.merge.ListAdapter,boolean]",adapter,3
d:\repositorio_git\lab-experimentacao\LAB02\repos\DevsmartLib-Android\devsmartlib\src\com\commonsware\cwac\merge\MergeAdapter.java,com.commonsware.cwac.merge.MergeAdapter$PieceState,"PieceState/2[com.commonsware.cwac.merge.ListAdapter,boolean]",isActive,3
d:\repositorio_git\lab-experimentacao\LAB02\repos\DevsmartLib-Android\devsmartlib\src\com\commonsware\cwac\merge\MergeAdapter.java,com.commonsware.cwac.merge.MergeAdapter$PieceStateRoster,add/1[com.commonsware.cwac.merge.ListAdapter],pieces,1
d:\repositorio_git\lab-experimentacao\LAB02\repos\DevsmartLib-Android\devsmartlib\src\com\commonsware\cwac\merge\MergeAdapter.java,com.commonsware.cwac.merge.MergeAdapter$PieceStateRoster,"setActive/2[com.commonsware.cwac.merge.View,boolean]",pieces,1
d:\repositorio_git\lab-experimentacao\LAB02\repos\DevsmartLib-Android\devsmartlib\src\com\commonsware\cwac\merge\MergeAdapter.java,com.commonsware.cwac.merge.MergeAdapter$PieceStateRoster,"setActive/2[com.commonsware.cwac.merge.View,boolean]",active,1
d:\repositorio_git\lab-experimentacao\LAB02\repos\DevsmartLib-Android\devsmartlib\src\com\commonsware\cwac\merge\MergeAdapter.java,com.commonsware.cwac.merge.MergeAdapter$PieceStateRoster,"setActive/2[com.commonsware.cwac.merge.ListAdapter,boolean]",pieces,1
d:\repositorio_git\lab-experimentacao\LAB02\repos\DevsmartLib-Android\devsmartlib\src\com\commonsware\cwac\merge\MergeAdapter.java,com.commonsware.cwac.merge.MergeAdapter$PieceStateRoster,"setActive/2[com.commonsware.cwac.merge.ListAdapter,boolean]",active,1
d:\repositorio_git\lab-experimentacao\LAB02\repos\DevsmartLib-Android\devsmartlib\src\com\commonsware\cwac\merge\MergeAdapter.java,com.commonsware.cwac.merge.MergeAdapter$PieceStateRoster,getRawPieces/0,pieces,1
d:\repositorio_git\lab-experimentacao\LAB02\repos\DevsmartLib-Android\devsmartlib\src\com\commonsware\cwac\merge\MergeAdapter.java,com.commonsware.cwac.merge.MergeAdapter$PieceStateRoster,getPieces/0,pieces,1
d:\repositorio_git\lab-experimentacao\LAB02\repos\DevsmartLib-Android\devsmartlib\src\com\commonsware\cwac\merge\MergeAdapter.java,com.commonsware.cwac.merge.MergeAdapter$PieceStateRoster,getPieces/0,active,4
d:\repositorio_git\lab-experimentacao\LAB02\repos\DevsmartLib-Android\devsmartlib\src\com\commonsware\cwac\merge\MergeAdapter.java,com.commonsware.cwac.merge.MergeAdapter,"setActive/2[com.commonsware.cwac.merge.View,boolean]",pieces,1
d:\repositorio_git\lab-experimentacao\LAB02\repos\DevsmartLib-Android\devsmartlib\src\com\commonsware\cwac\merge\MergeAdapter.java,com.commonsware.cwac.merge.MergeAdapter,getPieces/0,pieces,1
d:\repositorio_git\lab-experimentacao\LAB02\repos\DevsmartLib-Android\devsmartlib\src\com\commonsware\cwac\merge\MergeAdapter.java,com.commonsware.cwac.merge.MergeAdapter,getItemViewType/1[int],pieces,1
d:\repositorio_git\lab-experimentacao\LAB02\repos\DevsmartLib-Android\devsmartlib\src\com\commonsware\cwac\merge\MergeAdapter.java,com.commonsware.cwac.merge.MergeAdapter,getViewTypeCount/0,pieces,1
d:\repositorio_git\lab-experimentacao\LAB02\repos\DevsmartLib-Android\devsmartlib\src\com\commonsware\cwac\merge\MergeAdapter.java,com.commonsware.cwac.merge.MergeAdapter,addAdapter/1[com.commonsware.cwac.merge.ListAdapter],pieces,1
d:\repositorio_git\lab-experimentacao\LAB02\repos\DevsmartLib-Android\devsmartlib\src\com\commonsware\cwac\merge\MergeAdapter.java,com.commonsware.cwac.merge.MergeAdapter,"setActive/2[com.commonsware.cwac.merge.ListAdapter,boolean]",pieces,1
d:\repositorio_git\lab-experimentacao\LAB02\repos\DevsmartLib-Android\devsmartlib\src\com\devsmart\android\OrientationUtil.java,com.devsmart.android.OrientationUtil,setListener/1[com.devsmart.android.OrientationUtil.OrientationListener],mListener,1
d:\repositorio_git\lab-experimentacao\LAB02\repos\DevsmartLib-Android\devsmartlib\src\com\devsmart\android\OrientationUtil.java,com.devsmart.android.OrientationUtil,getOrientation/0,mCurrentSide,1
d:\repositorio_git\lab-experimentacao\LAB02\repos\DevsmartLib-Android\devsmartlib\src\com\devsmart\android\OrientationUtil.java,com.devsmart.android.OrientationUtil,OrientationUtil/1[com.devsmart.android.Context],mSensorManager,3
d:\repositorio_git\lab-experimentacao\LAB02\repos\DevsmartLib-Android\devsmartlib\src\com\devsmart\android\OrientationUtil.java,com.devsmart.android.OrientationUtil,onSensorChanged/1[com.devsmart.android.SensorEvent],mCurrentSide,2
d:\repositorio_git\lab-experimentacao\LAB02\repos\DevsmartLib-Android\devsmartlib\src\com\devsmart\android\OrientationUtil.java,com.devsmart.android.OrientationUtil,onSensorChanged/1[com.devsmart.android.SensorEvent],mListener,2
d:\repositorio_git\lab-experimentacao\LAB02\repos\DevsmartLib-Android\devsmartlib\src\com\devsmart\android\OrientationUtil.java,com.devsmart.android.OrientationUtil,stop/0,mSensorManager,1
d:\repositorio_git\lab-experimentacao\LAB02\repos\DevsmartLib-Android\demo\src\com\devsmart\demo\HorizontalListViewDemo.java,com.devsmart.demo.HorizontalListViewDemo,onCreate/1[com.devsmart.demo.Bundle],mAdapter,1
d:\repositorio_git\lab-experimentacao\LAB02\repos\DevsmartLib-Android\demo\src\com\devsmart\demo\HorizontalListViewDemo.java,com.devsmart.demo.HorizontalListViewDemo$Anonymous1,"getView/3[int,com.devsmart.demo.View,com.devsmart.demo.ViewGroup]",mOnButtonClicked,1
d:\repositorio_git\lab-experimentacao\LAB02\repos\DevsmartLib-Android\devsmartlib\src\com\commonsware\cwac\loaderex\AbstractCursorLoader.java,com.commonsware.cwac.loaderex.AbstractCursorLoader,deliverResult/1[com.commonsware.cwac.loaderex.Cursor],lastCursor,2
d:\repositorio_git\lab-experimentacao\LAB02\repos\DevsmartLib-Android\devsmartlib\src\com\commonsware\cwac\loaderex\AbstractCursorLoader.java,com.commonsware.cwac.loaderex.AbstractCursorLoader,onStartLoading/0,lastCursor,3
d:\repositorio_git\lab-experimentacao\LAB02\repos\DevsmartLib-Android\devsmartlib\src\com\commonsware\cwac\loaderex\AbstractCursorLoader.java,com.commonsware.cwac.loaderex.AbstractCursorLoader,onReset/0,lastCursor,4
d:\repositorio_git\lab-experimentacao\LAB02\repos\DevsmartLib-Android\devsmartlib\src\com\devsmart\android\ui\lifecycle\LifecycleHookFragmentActivity.java,com.devsmart.android.ui.lifecycle.LifecycleHookFragmentActivity,onPause/0,mHooks,1
d:\repositorio_git\lab-experimentacao\LAB02\repos\DevsmartLib-Android\devsmartlib\src\com\devsmart\android\ui\lifecycle\LifecycleHookFragmentActivity.java,com.devsmart.android.ui.lifecycle.LifecycleHookFragmentActivity,onResume/0,mHooks,1
d:\repositorio_git\lab-experimentacao\LAB02\repos\DevsmartLib-Android\devsmartlib\src\com\devsmart\android\ui\lifecycle\LifecycleHookFragmentActivity.java,com.devsmart.android.ui.lifecycle.LifecycleHookFragmentActivity,onSaveInstanceState/1[com.devsmart.android.ui.lifecycle.Bundle],mHooks,1
d:\repositorio_git\lab-experimentacao\LAB02\repos\DevsmartLib-Android\devsmartlib\src\com\devsmart\android\ui\lifecycle\LifecycleHookFragmentActivity.java,com.devsmart.android.ui.lifecycle.LifecycleHookFragmentActivity,onDestroy/0,mHooks,2
d:\repositorio_git\lab-experimentacao\LAB02\repos\DevsmartLib-Android\devsmartlib\src\com\devsmart\android\ui\lifecycle\LifecycleHookFragmentActivity.java,com.devsmart.android.ui.lifecycle.LifecycleHookFragmentActivity,onCreate/1[com.devsmart.android.ui.lifecycle.Bundle],mHooks,2
d:\repositorio_git\lab-experimentacao\LAB02\repos\DevsmartLib-Android\devsmartlib\src\com\devsmart\android\ui\lifecycle\LifecycleHookFragmentActivity.java,com.devsmart.android.ui.lifecycle.LifecycleHookFragmentActivity,addLifecycleHook/1[com.devsmart.android.ui.lifecycle.LifecycleHook],mHooks,1
d:\repositorio_git\lab-experimentacao\LAB02\repos\DevsmartLib-Android\devsmartlib\src\com\devsmart\android\ui\lifecycle\LifecycleHookFragmentActivity.java,com.devsmart.android.ui.lifecycle.LifecycleHookFragmentActivity,"onActivityResult/3[int,int,com.devsmart.android.ui.lifecycle.Intent]",mHooks,1
d:\repositorio_git\lab-experimentacao\LAB02\repos\DevsmartLib-Android\devsmartlib\src\com\devsmart\android\IOUtils.java,com.devsmart.android.IOUtils$ProgressBackgroundTask,"postProgress/3[int,int,java.lang.String]",mListener,1
d:\repositorio_git\lab-experimentacao\LAB02\repos\DevsmartLib-Android\devsmartlib\src\com\devsmart\android\IOUtils.java,com.devsmart.android.IOUtils$ProgressBackgroundTask,setProgressListener/1[com.devsmart.android.IOUtils.ProgressBackgroundTask.ProgressListener],mListener,1
d:\repositorio_git\lab-experimentacao\LAB02\repos\DevsmartLib-Android\demo\src\com\devsmart\demo\fragment\DemoFragment.java,com.devsmart.demo.fragment.DemoFragment,onAttach/1[com.devsmart.demo.fragment.Activity],mNavigationDelegate,1
d:\repositorio_git\lab-experimentacao\LAB02\repos\DevsmartLib-Android\devsmartlib\src\com\devsmart\android\mathutils\Quotient.java,com.devsmart.android.mathutils.Quotient,inverse/0,denominator,1
d:\repositorio_git\lab-experimentacao\LAB02\repos\DevsmartLib-Android\devsmartlib\src\com\devsmart\android\mathutils\Quotient.java,com.devsmart.android.mathutils.Quotient,inverse/0,numerator,1
d:\repositorio_git\lab-experimentacao\LAB02\repos\DevsmartLib-Android\devsmartlib\src\com\devsmart\android\mathutils\Quotient.java,com.devsmart.android.mathutils.Quotient,"Quotient/2[int,int]",numerator,1
d:\repositorio_git\lab-experimentacao\LAB02\repos\DevsmartLib-Android\devsmartlib\src\com\devsmart\android\mathutils\Quotient.java,com.devsmart.android.mathutils.Quotient,"Quotient/2[int,int]",denominator,1
d:\repositorio_git\lab-experimentacao\LAB02\repos\DevsmartLib-Android\devsmartlib\src\com\devsmart\android\mathutils\Quotient.java,com.devsmart.android.mathutils.Quotient,getDoubleValue/0,numerator,1
d:\repositorio_git\lab-experimentacao\LAB02\repos\DevsmartLib-Android\devsmartlib\src\com\devsmart\android\mathutils\Quotient.java,com.devsmart.android.mathutils.Quotient,getDoubleValue/0,denominator,1
d:\repositorio_git\lab-experimentacao\LAB02\repos\DevsmartLib-Android\devsmartlib\src\com\devsmart\android\ui\EqualSpaceLayout.java,com.devsmart.android.ui.EqualSpaceLayout,setOrientation/1[int],mOrientation,1
d:\repositorio_git\lab-experimentacao\LAB02\repos\DevsmartLib-Android\devsmartlib\src\com\devsmart\android\ui\EqualSpaceLayout.java,com.devsmart.android.ui.EqualSpaceLayout,"EqualSpaceLayout/2[com.devsmart.android.ui.Context,com.devsmart.android.ui.AttributeSet]",mOrientation,1
d:\repositorio_git\lab-experimentacao\LAB02\repos\DevsmartLib-Android\devsmartlib\src\com\devsmart\android\ui\EqualSpaceLayout.java,com.devsmart.android.ui.EqualSpaceLayout,"onLayout/5[boolean,int,int,int,int]",mOrientation,4
d:\repositorio_git\lab-experimentacao\LAB02\repos\DevsmartLib-Android\devsmartlib\src\com\devsmart\android\ui\EqualSpaceLayout.java,com.devsmart.android.ui.EqualSpaceLayout,"onLayout/5[boolean,int,int,int,int]",mMaxChildHeight,1
d:\repositorio_git\lab-experimentacao\LAB02\repos\DevsmartLib-Android\devsmartlib\src\com\devsmart\android\ui\EqualSpaceLayout.java,com.devsmart.android.ui.EqualSpaceLayout,"onLayout/5[boolean,int,int,int,int]",mNumVisibleChildren,2
d:\repositorio_git\lab-experimentacao\LAB02\repos\DevsmartLib-Android\devsmartlib\src\com\devsmart\android\ui\EqualSpaceLayout.java,com.devsmart.android.ui.EqualSpaceLayout,"onLayout/5[boolean,int,int,int,int]",mMaxChildWidth,1
d:\repositorio_git\lab-experimentacao\LAB02\repos\DevsmartLib-Android\devsmartlib\src\com\devsmart\android\ui\EqualSpaceLayout.java,com.devsmart.android.ui.EqualSpaceLayout,"onMeasure/2[int,int]",mOrientation,4
d:\repositorio_git\lab-experimentacao\LAB02\repos\DevsmartLib-Android\devsmartlib\src\com\devsmart\android\ui\EqualSpaceLayout.java,com.devsmart.android.ui.EqualSpaceLayout,"onMeasure/2[int,int]",mMaxChildHeight,5
d:\repositorio_git\lab-experimentacao\LAB02\repos\DevsmartLib-Android\devsmartlib\src\com\devsmart\android\ui\EqualSpaceLayout.java,com.devsmart.android.ui.EqualSpaceLayout,"onMeasure/2[int,int]",mNumVisibleChildren,5
d:\repositorio_git\lab-experimentacao\LAB02\repos\DevsmartLib-Android\devsmartlib\src\com\devsmart\android\ui\EqualSpaceLayout.java,com.devsmart.android.ui.EqualSpaceLayout,"onMeasure/2[int,int]",mMaxChildWidth,5
d:\repositorio_git\lab-experimentacao\LAB02\repos\DevsmartLib-Android\devsmartlib\src\com\devsmart\android\IOUtils.java,com.devsmart.android.IOUtils$BackgroundTask,run/0,mHandler,1
d:\repositorio_git\lab-experimentacao\LAB02\repos\DevsmartLib-Android\devsmartlib\src\com\devsmart\android\SimplePrefsStorage.java,com.devsmart.android.SimplePrefsStorage,clear/0,mPrefs,1
d:\repositorio_git\lab-experimentacao\LAB02\repos\DevsmartLib-Android\devsmartlib\src\com\devsmart\android\SimplePrefsStorage.java,com.devsmart.android.SimplePrefsStorage,save/1[com.devsmart.android.JSONObject],mPrefs,1
d:\repositorio_git\lab-experimentacao\LAB02\repos\DevsmartLib-Android\devsmartlib\src\com\devsmart\android\SimplePrefsStorage.java,com.devsmart.android.SimplePrefsStorage,save/1[com.devsmart.android.JSONObject],KEY_NAME,1
d:\repositorio_git\lab-experimentacao\LAB02\repos\DevsmartLib-Android\devsmartlib\src\com\devsmart\android\SimplePrefsStorage.java,com.devsmart.android.SimplePrefsStorage,SimplePrefsStorage/1[com.devsmart.android.Context],mPrefs,1
d:\repositorio_git\lab-experimentacao\LAB02\repos\DevsmartLib-Android\devsmartlib\src\com\devsmart\android\SimplePrefsStorage.java,com.devsmart.android.SimplePrefsStorage,SimplePrefsStorage/1[com.devsmart.android.Context],PREFS_NAME,1
d:\repositorio_git\lab-experimentacao\LAB02\repos\DevsmartLib-Android\devsmartlib\src\com\devsmart\android\SimplePrefsStorage.java,com.devsmart.android.SimplePrefsStorage,getData/0,mPrefs,1
d:\repositorio_git\lab-experimentacao\LAB02\repos\DevsmartLib-Android\devsmartlib\src\com\devsmart\android\SimplePrefsStorage.java,com.devsmart.android.SimplePrefsStorage,getData/0,KEY_NAME,1
d:\repositorio_git\lab-experimentacao\LAB02\repos\DevsmartLib-Android\devsmartlib\src\com\devsmart\android\ui\lifecycle\LifecycleHookFragment.java,com.devsmart.android.ui.lifecycle.LifecycleHookFragment,onDetach/0,mHooks,1
d:\repositorio_git\lab-experimentacao\LAB02\repos\DevsmartLib-Android\devsmartlib\src\com\devsmart\android\ui\lifecycle\LifecycleHookFragment.java,com.devsmart.android.ui.lifecycle.LifecycleHookFragment,"onActivityResult/3[int,int,com.devsmart.android.ui.lifecycle.Intent]",mHooks,1
d:\repositorio_git\lab-experimentacao\LAB02\repos\DevsmartLib-Android\devsmartlib\src\com\devsmart\android\ui\lifecycle\LifecycleHookFragment.java,com.devsmart.android.ui.lifecycle.LifecycleHookFragment,addLifecycleHook/1[com.devsmart.android.ui.lifecycle.LifecycleHook],mHooks,1
d:\repositorio_git\lab-experimentacao\LAB02\repos\DevsmartLib-Android\devsmartlib\src\com\devsmart\android\ui\lifecycle\LifecycleHookFragment.java,com.devsmart.android.ui.lifecycle.LifecycleHookFragment,onDestroy/0,mHooks,1
d:\repositorio_git\lab-experimentacao\LAB02\repos\DevsmartLib-Android\devsmartlib\src\com\devsmart\android\ui\lifecycle\LifecycleHookFragment.java,com.devsmart.android.ui.lifecycle.LifecycleHookFragment,onResume/0,mHooks,1
d:\repositorio_git\lab-experimentacao\LAB02\repos\DevsmartLib-Android\devsmartlib\src\com\devsmart\android\ui\lifecycle\LifecycleHookFragment.java,com.devsmart.android.ui.lifecycle.LifecycleHookFragment,onPause/0,mHooks,1
d:\repositorio_git\lab-experimentacao\LAB02\repos\DevsmartLib-Android\devsmartlib\src\com\devsmart\android\ui\lifecycle\LifecycleHookFragment.java,com.devsmart.android.ui.lifecycle.LifecycleHookFragment,onCreate/1[com.devsmart.android.ui.lifecycle.Bundle],mHooks,1
d:\repositorio_git\lab-experimentacao\LAB02\repos\DevsmartLib-Android\devsmartlib\src\com\devsmart\android\ui\lifecycle\LifecycleHookFragment.java,com.devsmart.android.ui.lifecycle.LifecycleHookFragment,onAttach/1[com.devsmart.android.ui.lifecycle.Activity],mHooks,1
d:\repositorio_git\lab-experimentacao\LAB02\repos\DevsmartLib-Android\devsmartlib\src\com\devsmart\android\ui\lifecycle\LifecycleHookFragment.java,com.devsmart.android.ui.lifecycle.LifecycleHookFragment,onSaveInstanceState/1[com.devsmart.android.ui.lifecycle.Bundle],mHooks,1
d:\repositorio_git\lab-experimentacao\LAB02\repos\DevsmartLib-Android\devsmartlib\src\com\devsmart\android\activity\FragmentShellActivity.java,com.devsmart.android.activity.FragmentShellActivity,onCreate/1[com.devsmart.android.activity.Bundle],mBaseFragment,3
d:\repositorio_git\lab-experimentacao\LAB02\repos\DevsmartLib-Android\devsmartlib\src\com\devsmart\android\activity\FragmentShellActivity.java,com.devsmart.android.activity.FragmentShellActivity,onCreate/1[com.devsmart.android.activity.Bundle],EXTRA_FRAGMENTNAME,1
d:\repositorio_git\lab-experimentacao\LAB02\repos\DevsmartLib-Android\devsmartlib\src\com\devsmart\android\activity\FragmentShellActivity.java,com.devsmart.android.activity.FragmentShellActivity,onCreate/1[com.devsmart.android.activity.Bundle],EXTRA_FRAGMENTARGS,1
d:\repositorio_git\lab-experimentacao\LAB02\repos\DevsmartLib-Android\devsmartlib\src\com\devsmart\android\activity\FragmentShellActivity.java,com.devsmart.android.activity.FragmentShellActivity,onCreate/1[com.devsmart.android.activity.Bundle],EXTRA_ORIENTATION,1
d:\repositorio_git\lab-experimentacao\LAB02\repos\DevsmartLib-Android\devsmartlib\src\com\devsmart\android\activity\FragmentShellActivity.java,com.devsmart.android.activity.FragmentShellActivity,"createIntent/4[com.devsmart.android.activity.Context,java.lang.Class<?>,com.devsmart.android.activity.Bundle,int]",EXTRA_FRAGMENTNAME,1
d:\repositorio_git\lab-experimentacao\LAB02\repos\DevsmartLib-Android\devsmartlib\src\com\devsmart\android\activity\FragmentShellActivity.java,com.devsmart.android.activity.FragmentShellActivity,"createIntent/4[com.devsmart.android.activity.Context,java.lang.Class<?>,com.devsmart.android.activity.Bundle,int]",EXTRA_FRAGMENTARGS,1
d:\repositorio_git\lab-experimentacao\LAB02\repos\DevsmartLib-Android\devsmartlib\src\com\devsmart\android\activity\FragmentShellActivity.java,com.devsmart.android.activity.FragmentShellActivity,"createIntent/4[com.devsmart.android.activity.Context,java.lang.Class<?>,com.devsmart.android.activity.Bundle,int]",EXTRA_ORIENTATION,1
