file,class,method,constructor,line,cbo,cboModified,fanin,fanout,wmc,rfc,loc,returnsQty,variablesQty,parametersQty,methodsInvokedQty,methodsInvokedLocalQty,methodsInvokedIndirectLocalQty,loopQty,comparisonsQty,tryCatchQty,parenthesizedExpsQty,stringLiteralsQty,numbersQty,assignmentsQty,mathOperationsQty,maxNestedBlocksQty,anonymousClassesQty,innerClassesQty,lambdasQty,uniqueWordsQty,modifiers,logStatementsQty,hasJavaDoc
d:\repositorio_git\lab-experimentacao\LAB02\repos\DevsmartLib-Android\devsmartlib\src\com\commonsware\cwac\loaderex\SQLiteCursorLoader.java,com.commonsware.cwac.loaderex.SQLiteCursorLoader$UpdateTask,UpdateTask/1[com.commonsware.cwac.loaderex.SQLiteCursorLoader],true,119,1,1,1,0,1,0,3,0,0,1,0,0,0,0,0,0,0,0,0,0,0,0,0,0,0,8,0,0,false
d:\repositorio_git\lab-experimentacao\LAB02\repos\DevsmartLib-Android\devsmartlib\src\com\commonsware\cwac\loaderex\SQLiteCursorLoader.java,com.commonsware.cwac.loaderex.SQLiteCursorLoader$UpdateTask,doInBackground/1[java.lang.Object[]],false,124,2,0,0,0,1,2,9,1,5,1,2,0,0,0,0,0,1,0,5,5,0,0,0,0,0,18,4,0,false
d:\repositorio_git\lab-experimentacao\LAB02\repos\DevsmartLib-Android\devsmartlib\src\com\devsmart\android\LightweightTimer.java,com.devsmart.android.LightweightTimer,setOnTick/1[java.lang.Runnable],false,17,0,1,1,0,1,0,3,0,0,1,0,0,0,0,0,0,0,0,0,1,0,0,0,0,0,7,1,0,false
d:\repositorio_git\lab-experimentacao\LAB02\repos\DevsmartLib-Android\devsmartlib\src\com\devsmart\android\LightweightTimer.java,com.devsmart.android.LightweightTimer,start/0,false,29,0,1,1,0,2,1,6,0,0,0,1,0,0,0,1,0,0,0,0,1,0,1,0,0,0,8,1,0,false
d:\repositorio_git\lab-experimentacao\LAB02\repos\DevsmartLib-Android\devsmartlib\src\com\devsmart\android\LightweightTimer.java,com.devsmart.android.LightweightTimer,setInterval/1[long],false,21,0,1,1,0,2,0,8,0,0,1,0,0,0,0,0,0,0,1,1,1,0,1,0,0,0,9,1,0,false
d:\repositorio_git\lab-experimentacao\LAB02\repos\DevsmartLib-Android\devsmartlib\src\com\devsmart\android\LightweightTimer.java,com.devsmart.android.LightweightTimer,stop/0,false,36,0,0,0,0,1,1,4,0,0,0,1,0,0,0,0,0,0,0,0,1,0,0,0,0,0,6,1,0,false
d:\repositorio_git\lab-experimentacao\LAB02\repos\DevsmartLib-Android\devsmartlib\src\com\devsmart\android\LightweightTimer.java,com.devsmart.android.LightweightTimer,"LightweightTimer/2[java.lang.Runnable,long]",true,12,1,2,0,2,1,2,4,0,0,2,2,2,1,0,0,0,0,0,0,0,0,0,0,0,0,9,1,0,false
d:\repositorio_git\lab-experimentacao\LAB02\repos\DevsmartLib-Android\demo\src\com\devsmart\demo\HorizontalListViewDemo.java,com.devsmart.demo.HorizontalListViewDemo$Anonymous1$Anonymous2,onClick/1[com.devsmart.demo.View],false,38,2,0,0,0,1,3,6,0,1,1,3,0,0,0,0,0,0,2,0,1,1,0,0,0,0,6,1,0,false
d:\repositorio_git\lab-experimentacao\LAB02\repos\DevsmartLib-Android\demo\src\com\devsmart\demo\DemoActivity.java,com.devsmart.demo.DemoActivity,onCreate/1[com.devsmart.demo.Bundle],false,17,7,1,0,1,1,5,15,0,0,1,5,1,1,0,0,0,0,4,0,0,0,0,1,0,0,31,1,0,true
d:\repositorio_git\lab-experimentacao\LAB02\repos\DevsmartLib-Android\demo\src\com\devsmart\demo\DemoActivity.java,com.devsmart.demo.DemoActivity,"setupOnClick/2[com.devsmart.demo.Preference,com.devsmart.demo.Intent]",false,37,3,1,1,0,1,1,9,0,0,2,1,0,0,0,0,0,0,0,0,0,0,0,1,0,0,12,2,0,false
d:\repositorio_git\lab-experimentacao\LAB02\repos\DevsmartLib-Android\devsmartlib\src\com\devsmart\android\LocationService.java,com.devsmart.android.LocationService,onBind/1[com.devsmart.android.Intent],false,29,3,0,0,0,1,0,3,1,0,1,0,0,0,0,0,0,0,0,0,0,0,0,0,0,0,8,1,0,false
d:\repositorio_git\lab-experimentacao\LAB02\repos\DevsmartLib-Android\devsmartlib\src\com\devsmart\android\LocationService.java,com.devsmart.android.LocationService,onCreate/0,false,34,1,0,0,0,3,4,13,0,0,0,4,0,0,0,2,0,0,0,4,4,0,1,0,0,0,7,1,0,false
d:\repositorio_git\lab-experimentacao\LAB02\repos\DevsmartLib-Android\devsmartlib\src\com\devsmart\android\LocationService.java,com.devsmart.android.LocationService,onDestroy/0,false,79,0,0,0,0,1,2,4,0,0,0,2,0,0,0,0,0,0,0,0,0,0,0,0,0,0,5,1,0,false
d:\repositorio_git\lab-experimentacao\LAB02\repos\DevsmartLib-Android\devsmartlib\src\com\devsmart\android\LocationService.java,com.devsmart.android.LocationService,"isBetterLocation/2[com.devsmart.android.Location,com.devsmart.android.Location]",false,90,2,2,1,1,16,4,30,7,9,2,4,1,1,0,1,0,1,0,4,9,2,1,0,0,0,47,4,0,true
d:\repositorio_git\lab-experimentacao\LAB02\repos\DevsmartLib-Android\devsmartlib\src\com\devsmart\android\LocationService.java,com.devsmart.android.LocationService,"isSameProvider/2[java.lang.String,java.lang.String]",false,133,0,1,1,0,2,1,6,2,0,2,1,0,0,0,2,0,0,0,0,0,0,1,0,0,0,13,2,0,true
d:\repositorio_git\lab-experimentacao\LAB02\repos\DevsmartLib-Android\devsmartlib\src\com\devsmart\android\ServiceBinder.java,com.devsmart.android.ServiceBinder,"ServiceBinder/4[com.devsmart.android.Context,java.lang.Class<? extends com.devsmart.android.Service>,java.lang.Class<? extends com.devsmart.android.IInterface>,java.lang.Runnable]",true,25,2,0,0,0,1,1,8,0,1,4,1,0,0,0,0,0,0,0,0,5,0,0,0,0,0,14,1,0,false
d:\repositorio_git\lab-experimentacao\LAB02\repos\DevsmartLib-Android\devsmartlib\src\com\devsmart\android\ServiceBinder.java,com.devsmart.android.ServiceBinder,unBind/0,false,34,0,0,0,0,1,1,3,0,0,0,1,0,0,0,0,0,0,0,0,0,0,0,0,0,0,5,1,0,false
d:\repositorio_git\lab-experimentacao\LAB02\repos\DevsmartLib-Android\devsmartlib\src\com\devsmart\android\ServiceBinder.java,com.devsmart.android.ServiceBinder,getServiceInterface/0,false,38,1,0,0,0,1,0,3,1,0,0,0,0,0,0,0,0,0,0,0,0,0,0,0,0,0,5,1,0,false
d:\repositorio_git\lab-experimentacao\LAB02\repos\DevsmartLib-Android\devsmartlib\src\com\devsmart\android\ui\IteratorListView.java,com.devsmart.android.ui.IteratorListView$Anonymous1,onLongPress/1[com.devsmart.android.ui.MotionEvent],false,136,4,2,0,2,4,13,13,0,3,1,13,0,0,1,1,0,0,0,1,3,2,3,0,0,0,19,1,0,false
d:\repositorio_git\lab-experimentacao\LAB02\repos\DevsmartLib-Android\devsmartlib\src\com\devsmart\android\ui\IteratorListView.java,com.devsmart.android.ui.IteratorListView$Anonymous1,"onScroll/4[com.devsmart.android.ui.MotionEvent,com.devsmart.android.ui.MotionEvent,float,float]",false,92,1,0,0,0,1,2,5,1,0,4,2,0,0,0,0,0,0,0,0,1,0,0,0,0,0,10,1,0,false
d:\repositorio_git\lab-experimentacao\LAB02\repos\DevsmartLib-Android\devsmartlib\src\com\devsmart\android\ui\IteratorListView.java,com.devsmart.android.ui.IteratorListView$Anonymous1,onDown/1[com.devsmart.android.ui.MotionEvent],false,73,1,1,0,1,1,1,5,1,0,1,1,0,0,0,0,0,0,0,0,1,0,0,0,0,0,9,1,0,false
d:\repositorio_git\lab-experimentacao\LAB02\repos\DevsmartLib-Android\devsmartlib\src\com\devsmart\android\ui\IteratorListView.java,com.devsmart.android.ui.IteratorListView$Anonymous1,onSingleTapConfirmed/1[com.devsmart.android.ui.MotionEvent],false,100,4,2,0,2,4,13,13,1,3,1,13,0,0,1,1,0,0,0,1,3,2,3,0,0,0,20,1,0,false
d:\repositorio_git\lab-experimentacao\LAB02\repos\DevsmartLib-Android\devsmartlib\src\com\devsmart\android\ui\IteratorListView.java,com.devsmart.android.ui.IteratorListView$Anonymous1,"onFling/4[com.devsmart.android.ui.MotionEvent,com.devsmart.android.ui.MotionEvent,float,float]",false,80,1,1,0,1,1,4,7,1,1,4,4,0,0,0,0,0,0,0,6,2,1,0,0,0,0,17,1,0,false
d:\repositorio_git\lab-experimentacao\LAB02\repos\DevsmartLib-Android\devsmartlib\src\com\devsmart\android\ui\IteratorListView.java,com.devsmart.android.ui.IteratorListView$Anonymous1,onSingleTapUp/1[com.devsmart.android.ui.MotionEvent],false,116,1,0,0,0,1,1,3,1,0,1,1,0,0,0,0,0,0,0,0,0,0,0,0,0,0,7,1,0,false
d:\repositorio_git\lab-experimentacao\LAB02\repos\DevsmartLib-Android\devsmartlib\src\com\devsmart\android\ui\IteratorListView.java,com.devsmart.android.ui.IteratorListView$Anonymous1,onDoubleTap/1[com.devsmart.android.ui.MotionEvent],false,121,4,1,0,1,4,13,13,1,3,1,13,0,0,1,1,0,0,0,1,3,2,3,0,0,0,19,1,0,false
d:\repositorio_git\lab-experimentacao\LAB02\repos\DevsmartLib-Android\devsmartlib\src\com\devsmart\android\ui\IteratorListView.java,com.devsmart.android.ui.IteratorListView$Anonymous2,run/0,false,218,0,3,0,3,1,1,3,0,0,0,1,0,0,0,0,0,0,0,0,0,0,0,0,0,0,3,1,0,false
d:\repositorio_git\lab-experimentacao\LAB02\repos\DevsmartLib-Android\devsmartlib\src\com\devsmart\android\ui\IteratorListView.java,com.devsmart.android.ui.IteratorListView$Anonymous3,run/0,false,228,0,3,0,3,1,1,3,0,0,0,1,0,0,0,0,0,0,0,0,0,0,0,0,0,0,3,1,0,false
d:\repositorio_git\lab-experimentacao\LAB02\repos\DevsmartLib-Android\devsmartlib\src\com\devsmart\android\Utils.java,com.devsmart.android.Utils,log/1[java.lang.String],false,51,1,1,0,1,1,4,4,0,1,1,4,1,1,0,0,0,0,1,1,1,0,0,0,0,0,6,9,0,false
d:\repositorio_git\lab-experimentacao\LAB02\repos\DevsmartLib-Android\devsmartlib\src\com\devsmart\android\Utils.java,com.devsmart.android.Utils,"logstr/2[java.lang.String,java.lang.StackTraceElement]",false,42,0,2,2,0,1,4,3,1,0,2,4,0,0,0,0,0,0,1,0,0,0,0,0,0,0,2,10,0,false
d:\repositorio_git\lab-experimentacao\LAB02\repos\DevsmartLib-Android\devsmartlib\src\com\devsmart\android\Utils.java,com.devsmart.android.Utils,"logerror/2[java.lang.String,java.lang.Exception]",false,56,1,1,0,1,1,4,4,0,1,2,4,1,1,0,0,0,0,1,1,1,0,0,0,0,0,6,9,0,false
d:\repositorio_git\lab-experimentacao\LAB02\repos\DevsmartLib-Android\devsmartlib\src\com\devsmart\android\Utils.java,com.devsmart.android.Utils,printCursor/1[com.devsmart.android.Cursor],false,8,1,0,0,0,7,10,28,1,8,1,10,0,0,5,1,0,0,8,9,9,0,3,0,0,0,13,9,0,false
d:\repositorio_git\lab-experimentacao\LAB02\repos\DevsmartLib-Android\devsmartlib\src\com\devsmart\android\ui\IteratorListView.java,com.devsmart.android.ui.IteratorListView$ViewAdapter,"onTap/3[com.devsmart.android.ui.View,int,int]",false,23,1,0,0,0,1,0,2,0,0,3,0,0,0,0,0,0,0,0,0,0,0,0,0,0,0,4,1,0,false
d:\repositorio_git\lab-experimentacao\LAB02\repos\DevsmartLib-Android\devsmartlib\src\com\devsmart\android\ui\IteratorListView.java,com.devsmart.android.ui.IteratorListView$ViewAdapter,"onDoubleTap/3[com.devsmart.android.ui.View,int,int]",false,25,1,0,0,0,1,0,2,0,0,3,0,0,0,0,0,0,0,0,0,0,0,0,0,0,0,5,1,0,false
d:\repositorio_git\lab-experimentacao\LAB02\repos\DevsmartLib-Android\devsmartlib\src\com\devsmart\android\ui\IteratorListView.java,com.devsmart.android.ui.IteratorListView$ViewAdapter,"getView/3[T,com.devsmart.android.ui.View,com.devsmart.android.ui.IteratorListView]",false,21,3,0,0,0,1,0,1,0,0,3,0,0,0,0,0,0,0,0,0,0,0,0,0,0,0,5,1025,0,false
d:\repositorio_git\lab-experimentacao\LAB02\repos\DevsmartLib-Android\devsmartlib\src\com\devsmart\android\ui\IteratorListView.java,com.devsmart.android.ui.IteratorListView$ViewAdapter,"onLongPress/3[com.devsmart.android.ui.View,int,int]",false,24,1,0,0,0,1,0,2,0,0,3,0,0,0,0,0,0,0,0,0,0,0,0,0,0,0,5,1,0,false
d:\repositorio_git\lab-experimentacao\LAB02\repos\DevsmartLib-Android\devsmartlib\src\com\commonsware\cwac\loaderex\SQLiteCursorLoader.java,com.commonsware.cwac.loaderex.SQLiteCursorLoader$DeleteTask,DeleteTask/1[com.commonsware.cwac.loaderex.SQLiteCursorLoader],true,159,1,1,1,0,1,0,3,0,0,1,0,0,0,0,0,0,0,0,0,0,0,0,0,0,0,8,0,0,false
d:\repositorio_git\lab-experimentacao\LAB02\repos\DevsmartLib-Android\devsmartlib\src\com\commonsware\cwac\loaderex\SQLiteCursorLoader.java,com.commonsware.cwac.loaderex.SQLiteCursorLoader$DeleteTask,doInBackground/1[java.lang.Object[]],false,164,1,0,0,0,1,2,8,1,4,1,2,0,0,0,0,0,1,0,4,4,0,0,0,0,0,15,4,0,false
d:\repositorio_git\lab-experimentacao\LAB02\repos\DevsmartLib-Android\devsmartlib\src\com\devsmart\android\ui\ProgressDialogFragment.java,com.devsmart.android.ui.ProgressDialogFragment,ProgressDialogFragment/1[java.lang.String],true,15,0,1,1,0,1,0,3,0,0,1,0,0,0,0,0,0,0,0,0,1,0,0,0,0,0,6,1,0,false
d:\repositorio_git\lab-experimentacao\LAB02\repos\DevsmartLib-Android\devsmartlib\src\com\devsmart\android\ui\ProgressDialogFragment.java,com.devsmart.android.ui.ProgressDialogFragment,onCreateDialog/1[com.devsmart.android.ui.Bundle],false,20,3,0,0,0,1,4,7,1,1,1,4,0,0,0,0,0,0,0,0,1,0,0,0,0,0,15,1,0,false
d:\repositorio_git\lab-experimentacao\LAB02\repos\DevsmartLib-Android\devsmartlib\src\com\devsmart\android\ui\ProgressDialogFragment.java,com.devsmart.android.ui.ProgressDialogFragment,showLoadingProgress/1[com.devsmart.android.ui.FragmentManager],false,31,2,2,0,2,1,2,5,0,1,1,2,1,1,0,0,0,0,2,0,1,0,0,0,0,0,9,9,0,false
d:\repositorio_git\lab-experimentacao\LAB02\repos\DevsmartLib-Android\devsmartlib\src\com\devsmart\android\ui\ProgressDialogFragment.java,com.devsmart.android.ui.ProgressDialogFragment,dismissLoadingProgress/1[com.devsmart.android.ui.FragmentManager],false,37,3,1,1,0,2,4,8,0,2,1,4,0,0,0,1,0,0,1,0,2,0,1,0,0,0,10,9,0,false
d:\repositorio_git\lab-experimentacao\LAB02\repos\DevsmartLib-Android\devsmartlib\src\com\devsmart\android\activity\NavigationDelegate.java,com.devsmart.android.activity.NavigationDelegate,onNavigateBack/0,false,5,0,1,1,0,1,0,1,0,0,0,0,0,0,0,0,0,0,0,0,0,0,0,0,0,0,3,1,0,false
d:\repositorio_git\lab-experimentacao\LAB02\repos\DevsmartLib-Android\devsmartlib\src\com\devsmart\android\IOUtils.java,com.devsmart.android.IOUtils$DataProgressCallback,onDataProgress/1[int],false,48,0,1,1,0,1,0,1,0,0,1,0,0,0,0,0,0,0,0,0,0,0,0,0,0,0,5,1,0,false
d:\repositorio_git\lab-experimentacao\LAB02\repos\DevsmartLib-Android\devsmartlib\src\com\devsmart\android\ui\HorizontalListView.java,com.devsmart.android.ui.HorizontalListView,fillList/1[int],false,209,2,3,1,2,3,6,14,0,2,1,6,2,3,0,2,0,0,0,4,6,1,1,0,0,0,13,2,0,false
d:\repositorio_git\lab-experimentacao\LAB02\repos\DevsmartLib-Android\devsmartlib\src\com\devsmart\android\ui\HorizontalListView.java,com.devsmart.android.ui.HorizontalListView,"fillListRight/2[int,int]",false,227,2,2,1,1,5,6,14,0,1,2,6,1,1,1,1,0,0,0,4,4,4,2,0,0,0,19,2,0,false
d:\repositorio_git\lab-experimentacao\LAB02\repos\DevsmartLib-Android\devsmartlib\src\com\devsmart\android\ui\HorizontalListView.java,com.devsmart.android.ui.HorizontalListView,reset/0,false,136,1,3,2,1,1,3,5,0,0,0,3,1,1,0,0,0,0,0,0,0,0,0,0,0,0,9,34,0,false
d:\repositorio_git\lab-experimentacao\LAB02\repos\DevsmartLib-Android\devsmartlib\src\com\devsmart\android\ui\HorizontalListView.java,com.devsmart.android.ui.HorizontalListView,dispatchTouchEvent/1[com.devsmart.android.ui.MotionEvent],false,295,1,0,0,0,1,2,5,1,1,1,2,0,0,0,0,0,0,0,0,2,0,0,0,0,0,6,1,0,false
d:\repositorio_git\lab-experimentacao\LAB02\repos\DevsmartLib-Android\devsmartlib\src\com\devsmart\android\ui\HorizontalListView.java,com.devsmart.android.ui.HorizontalListView,"HorizontalListView/2[com.devsmart.android.ui.Context,com.devsmart.android.ui.AttributeSet]",true,64,3,1,0,1,1,1,4,0,0,2,1,1,1,0,0,0,0,0,0,0,0,0,0,0,0,6,1,0,false
d:\repositorio_git\lab-experimentacao\LAB02\repos\DevsmartLib-Android\devsmartlib\src\com\devsmart\android\ui\HorizontalListView.java,com.devsmart.android.ui.HorizontalListView,setOnItemClickListener/1[AdapterView.OnItemClickListener],false,86,1,0,0,0,1,0,3,0,0,1,0,0,0,0,0,0,0,0,0,1,0,0,0,0,0,8,1,0,false
d:\repositorio_git\lab-experimentacao\LAB02\repos\DevsmartLib-Android\devsmartlib\src\com\devsmart\android\ui\HorizontalListView.java,com.devsmart.android.ui.HorizontalListView,setSelection/1[int],false,143,0,0,0,0,1,0,2,0,0,1,0,0,0,0,0,0,0,0,0,0,0,0,0,0,0,3,1,0,false
d:\repositorio_git\lab-experimentacao\LAB02\repos\DevsmartLib-Android\devsmartlib\src\com\devsmart\android\ui\HorizontalListView.java,com.devsmart.android.ui.HorizontalListView,"onFling/4[com.devsmart.android.ui.MotionEvent,com.devsmart.android.ui.MotionEvent,float,float]",false,302,1,1,1,0,1,2,7,1,0,4,2,0,0,0,0,0,0,0,5,0,0,1,0,0,0,9,4,0,false
d:\repositorio_git\lab-experimentacao\LAB02\repos\DevsmartLib-Android\devsmartlib\src\com\devsmart\android\ui\HorizontalListView.java,com.devsmart.android.ui.HorizontalListView,setOnItemLongClickListener/1[AdapterView.OnItemLongClickListener],false,91,1,0,0,0,1,0,3,0,0,1,0,0,0,0,0,0,0,0,0,1,0,0,0,0,0,9,1,0,false
d:\repositorio_git\lab-experimentacao\LAB02\repos\DevsmartLib-Android\devsmartlib\src\com\devsmart\android\ui\HorizontalListView.java,com.devsmart.android.ui.HorizontalListView,getAdapter/0,false,116,1,0,0,0,1,0,3,1,0,0,0,0,0,0,0,0,0,0,0,0,0,0,0,0,0,4,1,0,false
d:\repositorio_git\lab-experimentacao\LAB02\repos\DevsmartLib-Android\devsmartlib\src\com\devsmart\android\ui\HorizontalListView.java,com.devsmart.android.ui.HorizontalListView,getSelectedView/0,false,121,1,0,0,0,1,0,3,1,0,0,0,0,0,0,0,0,0,0,0,0,0,0,0,0,0,4,1,0,false
d:\repositorio_git\lab-experimentacao\LAB02\repos\DevsmartLib-Android\devsmartlib\src\com\devsmart\android\ui\HorizontalListView.java,com.devsmart.android.ui.HorizontalListView,onDown/1[com.devsmart.android.ui.MotionEvent],false,311,1,1,1,0,1,1,4,1,0,1,1,0,0,0,0,0,0,0,0,0,0,0,0,0,0,6,4,0,false
d:\repositorio_git\lab-experimentacao\LAB02\repos\DevsmartLib-Android\devsmartlib\src\com\devsmart\android\ui\HorizontalListView.java,com.devsmart.android.ui.HorizontalListView,setOnItemSelectedListener/1[AdapterView.OnItemSelectedListener],false,81,1,0,0,0,1,0,3,0,0,1,0,0,0,0,0,0,0,0,0,1,0,0,0,0,0,7,1,0,false
d:\repositorio_git\lab-experimentacao\LAB02\repos\DevsmartLib-Android\devsmartlib\src\com\devsmart\android\ui\HorizontalListView.java,com.devsmart.android.ui.HorizontalListView,initView/0,false,69,2,3,3,0,1,1,10,0,0,0,1,0,0,0,0,0,0,0,5,8,0,0,0,0,0,17,34,0,false
d:\repositorio_git\lab-experimentacao\LAB02\repos\DevsmartLib-Android\devsmartlib\src\com\devsmart\android\ui\HorizontalListView.java,com.devsmart.android.ui.HorizontalListView,removeNonVisibleItems/1[int],false,256,1,1,1,0,5,8,17,0,1,1,8,0,0,2,2,0,0,0,5,5,4,1,0,0,0,21,2,0,false
d:\repositorio_git\lab-experimentacao\LAB02\repos\DevsmartLib-Android\devsmartlib\src\com\devsmart\android\ui\HorizontalListView.java,com.devsmart.android.ui.HorizontalListView,scrollTo/1[int],false,289,0,0,0,0,1,2,4,0,0,1,2,0,0,0,0,0,0,0,2,0,1,0,0,0,0,5,33,0,false
d:\repositorio_git\lab-experimentacao\LAB02\repos\DevsmartLib-Android\devsmartlib\src\com\devsmart\android\ui\HorizontalListView.java,com.devsmart.android.ui.HorizontalListView,"fillListLeft/2[int,int]",false,246,2,2,1,1,3,4,9,0,1,2,4,1,1,1,0,0,0,0,3,3,1,1,0,0,0,16,2,0,false
d:\repositorio_git\lab-experimentacao\LAB02\repos\DevsmartLib-Android\devsmartlib\src\com\devsmart\android\ui\HorizontalListView.java,com.devsmart.android.ui.HorizontalListView,"onLayout/5[boolean,int,int,int,int]",false,161,1,5,0,5,7,11,38,1,3,5,11,4,4,0,1,0,0,0,2,9,1,1,1,0,0,33,36,0,false
d:\repositorio_git\lab-experimentacao\LAB02\repos\DevsmartLib-Android\devsmartlib\src\com\devsmart\android\ui\HorizontalListView.java,com.devsmart.android.ui.HorizontalListView,positionItems/1[int],false,276,1,1,1,0,3,6,12,0,4,1,6,0,0,1,0,0,0,0,3,6,2,2,0,0,0,15,2,0,false
d:\repositorio_git\lab-experimentacao\LAB02\repos\DevsmartLib-Android\devsmartlib\src\com\devsmart\android\ui\HorizontalListView.java,com.devsmart.android.ui.HorizontalListView,"addAndMeasureChild/2[com.devsmart.android.ui.View,int]",false,147,2,2,2,0,2,6,8,0,1,2,6,0,0,0,1,0,0,0,0,2,0,1,0,0,0,15,2,0,false
d:\repositorio_git\lab-experimentacao\LAB02\repos\DevsmartLib-Android\devsmartlib\src\com\devsmart\android\ui\HorizontalListView.java,com.devsmart.android.ui.HorizontalListView,setAdapter/1[com.devsmart.android.ui.ListAdapter],false,127,2,2,1,1,2,3,8,0,0,1,3,1,2,0,1,0,0,0,0,1,0,1,0,0,0,9,1,0,false
d:\repositorio_git\lab-experimentacao\LAB02\repos\DevsmartLib-Android\devsmartlib\src\com\devsmart\android\ui\IteratorListView.java,com.devsmart.android.ui.IteratorListView,IteratorListView/1[com.devsmart.android.ui.Context],true,42,2,1,0,1,1,1,4,0,0,1,1,1,1,0,0,0,0,0,0,0,0,0,0,0,0,6,1,0,false
d:\repositorio_git\lab-experimentacao\LAB02\repos\DevsmartLib-Android\devsmartlib\src\com\devsmart\android\ui\IteratorListView.java,com.devsmart.android.ui.IteratorListView,init/0,false,52,2,2,2,0,1,1,4,0,0,0,1,0,0,0,0,0,0,0,0,2,0,0,0,0,0,8,2,0,false
d:\repositorio_git\lab-experimentacao\LAB02\repos\DevsmartLib-Android\devsmartlib\src\com\devsmart\android\ui\IteratorListView.java,com.devsmart.android.ui.IteratorListView,"setIteratorAdapter/2[java.util.ListIterator<T>,com.devsmart.android.ui.IteratorListView.ViewAdapter<T>]",false,57,2,0,0,0,2,3,10,0,0,2,3,0,0,1,0,0,0,0,2,4,0,1,0,0,0,12,1,0,false
d:\repositorio_git\lab-experimentacao\LAB02\repos\DevsmartLib-Android\devsmartlib\src\com\devsmart\android\ui\IteratorListView.java,com.devsmart.android.ui.IteratorListView,"onMeasure/2[int,int]",false,175,1,0,0,0,4,9,12,0,4,2,9,0,0,1,0,0,0,0,3,5,2,2,0,0,0,18,4,0,false
d:\repositorio_git\lab-experimentacao\LAB02\repos\DevsmartLib-Android\devsmartlib\src\com\devsmart\android\ui\IteratorListView.java,com.devsmart.android.ui.IteratorListView,onTouchEvent/1[com.devsmart.android.ui.MotionEvent],false,155,1,0,0,0,4,8,16,1,2,1,8,0,0,0,1,0,0,0,6,4,1,3,0,0,0,25,1,0,false
d:\repositorio_git\lab-experimentacao\LAB02\repos\DevsmartLib-Android\devsmartlib\src\com\devsmart\android\ui\IteratorListView.java,com.devsmart.android.ui.IteratorListView,"IteratorListView/2[com.devsmart.android.ui.Context,com.devsmart.android.ui.AttributeSet]",true,47,3,1,0,1,1,1,4,0,0,2,1,1,1,0,0,0,0,0,0,0,0,0,0,0,0,6,1,0,false
d:\repositorio_git\lab-experimentacao\LAB02\repos\DevsmartLib-Android\devsmartlib\src\com\devsmart\android\ui\IteratorListView.java,com.devsmart.android.ui.IteratorListView,"addAndMeasureChild/2[com.devsmart.android.ui.View,int]",false,261,2,2,2,0,2,6,8,0,1,2,6,0,0,0,1,0,0,0,0,2,0,1,0,0,0,14,2,0,false
d:\repositorio_git\lab-experimentacao\LAB02\repos\DevsmartLib-Android\devsmartlib\src\com\devsmart\android\ui\IteratorListView.java,com.devsmart.android.ui.IteratorListView,removeNonVisibleItems/0,false,235,1,1,1,0,5,8,18,0,2,0,8,0,0,2,2,0,0,0,9,6,5,1,0,0,0,23,2,0,false
d:\repositorio_git\lab-experimentacao\LAB02\repos\DevsmartLib-Android\devsmartlib\src\com\devsmart\android\ui\IteratorListView.java,com.devsmart.android.ui.IteratorListView,fillUp/0,false,315,2,4,1,3,5,9,22,1,2,0,9,3,1,1,1,0,0,0,5,5,1,2,0,0,0,24,2,0,false
d:\repositorio_git\lab-experimentacao\LAB02\repos\DevsmartLib-Android\devsmartlib\src\com\devsmart\android\ui\IteratorListView.java,com.devsmart.android.ui.IteratorListView,seekTo/1[int],false,276,0,2,2,0,5,6,8,0,0,1,6,0,0,2,0,0,0,0,0,0,0,1,0,0,0,3,2,0,false
d:\repositorio_git\lab-experimentacao\LAB02\repos\DevsmartLib-Android\devsmartlib\src\com\devsmart\android\ui\IteratorListView.java,com.devsmart.android.ui.IteratorListView,fillDown/0,false,286,2,4,1,3,5,10,22,1,3,0,10,3,1,1,1,0,0,0,4,5,2,2,0,0,0,25,2,0,false
d:\repositorio_git\lab-experimentacao\LAB02\repos\DevsmartLib-Android\devsmartlib\src\com\devsmart\android\ui\IteratorListView.java,com.devsmart.android.ui.IteratorListView,positionItems/0,false,343,1,1,1,0,2,5,9,0,4,0,5,0,0,1,0,0,0,0,2,5,1,1,0,0,0,14,2,0,false
d:\repositorio_git\lab-experimentacao\LAB02\repos\DevsmartLib-Android\devsmartlib\src\com\devsmart\android\ui\IteratorListView.java,com.devsmart.android.ui.IteratorListView,getView/1[java.lang.Object],false,271,2,3,2,1,1,2,4,1,1,1,2,0,0,0,0,0,0,0,0,1,0,0,0,0,0,5,2,0,false
d:\repositorio_git\lab-experimentacao\LAB02\repos\DevsmartLib-Android\devsmartlib\src\com\devsmart\android\ui\IteratorListView.java,com.devsmart.android.ui.IteratorListView,"onLayout/5[boolean,int,int,int,int]",false,191,1,5,0,5,6,12,35,1,1,5,12,4,3,0,1,0,0,1,5,6,1,1,2,0,0,25,4,0,false
d:\repositorio_git\lab-experimentacao\LAB02\repos\DevsmartLib-Android\devsmartlib\src\com\commonsware\cwac\loaderex\ContentChangingTask.java,com.commonsware.cwac.loaderex.ContentChangingTask,onPostExecute/1[T3],false,30,1,0,0,0,1,1,3,0,0,1,1,0,0,0,0,0,0,0,0,0,0,0,0,0,0,5,4,0,false
d:\repositorio_git\lab-experimentacao\LAB02\repos\DevsmartLib-Android\devsmartlib\src\com\commonsware\cwac\loaderex\ContentChangingTask.java,com.commonsware.cwac.loaderex.ContentChangingTask,ContentChangingTask/1[com.commonsware.cwac.loaderex.Loader<?>],true,25,1,0,0,0,1,0,3,0,0,1,0,0,0,0,0,0,0,0,0,1,0,0,0,0,0,4,0,0,false
d:\repositorio_git\lab-experimentacao\LAB02\repos\DevsmartLib-Android\devsmartlib\src\com\devsmart\android\ui\lifecycle\FragmentStateManager.java,com.devsmart.android.ui.lifecycle.FragmentStateManager,onResume/0,false,40,0,0,0,0,2,3,6,0,0,0,3,0,0,1,0,0,0,0,0,1,0,1,0,0,0,4,1,0,false
d:\repositorio_git\lab-experimentacao\LAB02\repos\DevsmartLib-Android\devsmartlib\src\com\devsmart\android\ui\lifecycle\FragmentStateManager.java,com.devsmart.android.ui.lifecycle.FragmentStateManager,runWhenActive/1[java.lang.Runnable],false,62,0,0,0,0,3,4,8,0,0,1,4,0,0,1,1,0,0,0,0,0,0,2,0,0,0,7,1,0,false
d:\repositorio_git\lab-experimentacao\LAB02\repos\DevsmartLib-Android\devsmartlib\src\com\devsmart\android\ui\lifecycle\FragmentStateManager.java,com.devsmart.android.ui.lifecycle.FragmentStateManager,getFragmentState/0,false,25,1,0,0,0,1,0,3,1,0,0,0,0,0,0,0,0,0,0,0,0,0,0,0,0,0,4,1,0,false
d:\repositorio_git\lab-experimentacao\LAB02\repos\DevsmartLib-Android\devsmartlib\src\com\devsmart\android\ui\lifecycle\FragmentStateManager.java,com.devsmart.android.ui.lifecycle.FragmentStateManager,onCreate/1[com.devsmart.android.ui.lifecycle.Bundle],false,35,1,0,0,0,1,0,3,0,0,1,0,0,0,0,0,0,0,0,0,1,0,0,0,0,0,7,1,0,false
d:\repositorio_git\lab-experimentacao\LAB02\repos\DevsmartLib-Android\devsmartlib\src\com\devsmart\android\ui\lifecycle\FragmentStateManager.java,com.devsmart.android.ui.lifecycle.FragmentStateManager,onAttach/1[com.devsmart.android.ui.lifecycle.Activity],false,30,1,0,0,0,1,0,3,0,0,1,0,0,0,0,0,0,0,0,0,1,0,0,0,0,0,6,1,0,false
d:\repositorio_git\lab-experimentacao\LAB02\repos\DevsmartLib-Android\devsmartlib\src\com\devsmart\android\ui\lifecycle\FragmentStateManager.java,com.devsmart.android.ui.lifecycle.FragmentStateManager,onDetach/0,false,53,0,0,0,0,1,0,3,0,0,0,0,0,0,0,0,0,0,0,0,1,0,0,0,0,0,4,1,0,false
d:\repositorio_git\lab-experimentacao\LAB02\repos\DevsmartLib-Android\devsmartlib\src\com\devsmart\android\ui\lifecycle\FragmentStateManager.java,com.devsmart.android.ui.lifecycle.FragmentStateManager,onDestroy/0,false,58,0,0,0,0,1,0,3,0,0,0,0,0,0,0,0,0,0,0,0,1,0,0,0,0,0,4,1,0,false
d:\repositorio_git\lab-experimentacao\LAB02\repos\DevsmartLib-Android\devsmartlib\src\com\devsmart\android\ui\lifecycle\FragmentStateManager.java,com.devsmart.android.ui.lifecycle.FragmentStateManager,onPause/0,false,48,0,0,0,0,1,0,3,0,0,0,0,0,0,0,0,0,0,0,0,1,0,0,0,0,0,4,1,0,false
d:\repositorio_git\lab-experimentacao\LAB02\repos\DevsmartLib-Android\devsmartlib\src\com\devsmart\android\ui\lifecycle\LifecycleHookDialogFragment.java,com.devsmart.android.ui.lifecycle.LifecycleHookDialogFragment,onDetach/0,false,27,1,1,0,1,2,2,6,0,0,0,2,0,0,1,0,0,0,0,0,0,0,1,0,0,0,7,1,0,false
d:\repositorio_git\lab-experimentacao\LAB02\repos\DevsmartLib-Android\devsmartlib\src\com\devsmart\android\ui\lifecycle\LifecycleHookDialogFragment.java,com.devsmart.android.ui.lifecycle.LifecycleHookDialogFragment,"onActivityResult/3[int,int,com.devsmart.android.ui.lifecycle.Intent]",false,75,2,1,0,1,2,2,6,0,0,3,2,0,0,1,0,0,0,0,0,0,0,1,0,0,0,9,1,0,false
d:\repositorio_git\lab-experimentacao\LAB02\repos\DevsmartLib-Android\devsmartlib\src\com\devsmart\android\ui\lifecycle\LifecycleHookDialogFragment.java,com.devsmart.android.ui.lifecycle.LifecycleHookDialogFragment,addLifecycleHook/1[com.devsmart.android.ui.lifecycle.LifecycleHook],false,14,1,0,0,0,1,1,3,0,0,1,1,0,0,0,0,0,0,0,0,0,0,0,0,0,0,4,1,0,false
d:\repositorio_git\lab-experimentacao\LAB02\repos\DevsmartLib-Android\devsmartlib\src\com\devsmart\android\ui\lifecycle\LifecycleHookDialogFragment.java,com.devsmart.android.ui.lifecycle.LifecycleHookDialogFragment,onDestroy/0,false,43,1,1,0,1,2,2,6,0,0,0,2,0,0,1,0,0,0,0,0,0,0,1,0,0,0,7,1,0,false
d:\repositorio_git\lab-experimentacao\LAB02\repos\DevsmartLib-Android\devsmartlib\src\com\devsmart\android\ui\lifecycle\LifecycleHookDialogFragment.java,com.devsmart.android.ui.lifecycle.LifecycleHookDialogFragment,onResume/0,false,59,1,1,0,1,2,2,6,0,0,0,2,0,0,1,0,0,0,0,0,0,0,1,0,0,0,7,1,0,false
d:\repositorio_git\lab-experimentacao\LAB02\repos\DevsmartLib-Android\devsmartlib\src\com\devsmart\android\ui\lifecycle\LifecycleHookDialogFragment.java,com.devsmart.android.ui.lifecycle.LifecycleHookDialogFragment,onPause/0,false,51,1,1,0,1,2,2,6,0,0,0,2,0,0,1,0,0,0,0,0,0,0,1,0,0,0,7,1,0,false
d:\repositorio_git\lab-experimentacao\LAB02\repos\DevsmartLib-Android\devsmartlib\src\com\devsmart\android\ui\lifecycle\LifecycleHookDialogFragment.java,com.devsmart.android.ui.lifecycle.LifecycleHookDialogFragment,onCreate/1[com.devsmart.android.ui.lifecycle.Bundle],false,35,2,1,0,1,2,2,6,0,0,1,2,0,0,1,0,0,0,0,0,0,0,1,0,0,0,11,1,0,false
d:\repositorio_git\lab-experimentacao\LAB02\repos\DevsmartLib-Android\devsmartlib\src\com\devsmart\android\ui\lifecycle\LifecycleHookDialogFragment.java,com.devsmart.android.ui.lifecycle.LifecycleHookDialogFragment,onAttach/1[com.devsmart.android.ui.lifecycle.Activity],false,19,2,1,0,1,2,2,6,0,0,1,2,0,0,1,0,0,0,0,0,0,0,1,0,0,0,9,1,0,false
d:\repositorio_git\lab-experimentacao\LAB02\repos\DevsmartLib-Android\devsmartlib\src\com\devsmart\android\ui\lifecycle\LifecycleHookDialogFragment.java,com.devsmart.android.ui.lifecycle.LifecycleHookDialogFragment,onSaveInstanceState/1[com.devsmart.android.ui.lifecycle.Bundle],false,67,2,1,0,1,2,2,6,0,0,1,2,0,0,1,0,0,0,0,0,0,0,1,0,0,0,10,1,0,false
d:\repositorio_git\lab-experimentacao\LAB02\repos\DevsmartLib-Android\demo\src\com\devsmart\demo\EqualSpaceLayoutDemo2.java,com.devsmart.demo.EqualSpaceLayoutDemo2,onCreate/1[com.devsmart.demo.Bundle],false,9,1,0,0,0,1,2,4,0,0,1,2,0,0,0,0,0,0,0,0,0,0,0,0,0,0,9,4,0,false
d:\repositorio_git\lab-experimentacao\LAB02\repos\DevsmartLib-Android\devsmartlib\src\com\devsmart\android\LightweightTimer.java,com.devsmart.android.LightweightTimer$Anonymous1,run/0,false,43,1,3,0,3,3,2,8,0,0,0,2,0,0,0,1,0,0,0,0,0,0,2,0,0,0,8,1,0,false
d:\repositorio_git\lab-experimentacao\LAB02\repos\DevsmartLib-Android\devsmartlib\src\com\commonsware\cwac\loaderex\SQLiteCursorLoader.java,com.commonsware.cwac.loaderex.SQLiteCursorLoader,"SQLiteCursorLoader/4[com.commonsware.cwac.loaderex.Context,com.commonsware.cwac.loaderex.SQLiteOpenHelper,java.lang.String,java.lang.String[]]",true,41,2,0,0,0,1,0,6,0,0,4,0,0,0,0,0,0,0,0,0,3,0,0,0,0,0,29,1,0,true
d:\repositorio_git\lab-experimentacao\LAB02\repos\DevsmartLib-Android\devsmartlib\src\com\commonsware\cwac\loaderex\SQLiteCursorLoader.java,com.commonsware.cwac.loaderex.SQLiteCursorLoader,"delete/3[java.lang.String,java.lang.String,java.lang.String[]]",false,90,1,1,0,1,1,1,3,0,0,3,1,0,0,0,0,0,0,0,0,0,0,0,0,0,0,5,1,0,false
d:\repositorio_git\lab-experimentacao\LAB02\repos\DevsmartLib-Android\devsmartlib\src\com\commonsware\cwac\loaderex\SQLiteCursorLoader.java,com.commonsware.cwac.loaderex.SQLiteCursorLoader,buildCursor/0,false,53,1,0,0,0,1,2,3,1,0,0,2,0,0,0,0,0,1,0,0,0,0,0,0,0,0,15,4,0,true
d:\repositorio_git\lab-experimentacao\LAB02\repos\DevsmartLib-Android\devsmartlib\src\com\commonsware\cwac\loaderex\SQLiteCursorLoader.java,com.commonsware.cwac.loaderex.SQLiteCursorLoader,"insert/3[java.lang.String,java.lang.String,com.commonsware.cwac.loaderex.ContentValues]",false,74,2,1,0,1,1,1,3,0,0,3,1,0,0,0,0,0,0,0,0,0,0,0,0,0,0,4,1,0,false
d:\repositorio_git\lab-experimentacao\LAB02\repos\DevsmartLib-Android\devsmartlib\src\com\commonsware\cwac\loaderex\SQLiteCursorLoader.java,com.commonsware.cwac.loaderex.SQLiteCursorLoader,"replace/3[java.lang.String,java.lang.String,com.commonsware.cwac.loaderex.ContentValues]",false,85,2,1,0,1,1,1,3,0,0,3,1,0,0,0,0,0,0,0,0,0,0,0,0,0,0,4,1,0,false
d:\repositorio_git\lab-experimentacao\LAB02\repos\DevsmartLib-Android\devsmartlib\src\com\commonsware\cwac\loaderex\SQLiteCursorLoader.java,com.commonsware.cwac.loaderex.SQLiteCursorLoader,"update/4[java.lang.String,com.commonsware.cwac.loaderex.ContentValues,java.lang.String,java.lang.String[]]",false,79,2,1,0,1,1,1,3,0,0,4,1,0,0,0,0,0,0,0,0,0,0,0,0,0,0,5,1,0,false
d:\repositorio_git\lab-experimentacao\LAB02\repos\DevsmartLib-Android\devsmartlib\src\com\commonsware\cwac\loaderex\SQLiteCursorLoader.java,com.commonsware.cwac.loaderex.SQLiteCursorLoader,"execSQL/2[java.lang.String,java.lang.Object[]]",false,94,1,1,0,1,1,1,3,0,0,2,1,0,0,0,0,0,0,0,0,0,0,0,0,0,0,8,1,0,false
d:\repositorio_git\lab-experimentacao\LAB02\repos\DevsmartLib-Android\devsmartlib\src\com\commonsware\cwac\loaderex\SQLiteCursorLoader.java,com.commonsware.cwac.loaderex.SQLiteCursorLoader,"dump/4[java.lang.String,java.io.FileDescriptor,java.io.PrintWriter,java.lang.String[]]",false,63,0,0,0,0,1,4,9,0,0,4,4,0,0,0,0,0,0,2,0,0,0,0,0,0,0,15,1,0,true
d:\repositorio_git\lab-experimentacao\LAB02\repos\DevsmartLib-Android\devsmartlib\src\com\devsmart\android\DbUtils.java,com.devsmart.android.DbUtils,"getLongCursorValue/3[com.devsmart.android.Cursor,java.lang.String,java.lang.Long]",false,31,1,0,0,0,2,2,11,1,2,3,2,0,0,0,1,0,0,0,1,4,0,1,0,0,0,9,9,0,false
d:\repositorio_git\lab-experimentacao\LAB02\repos\DevsmartLib-Android\devsmartlib\src\com\devsmart\android\DbUtils.java,com.devsmart.android.DbUtils,"getIntCursorValue/3[com.devsmart.android.Cursor,java.lang.String,java.lang.Integer]",false,42,1,0,0,0,2,2,11,1,2,3,2,0,0,0,1,0,0,0,1,4,0,1,0,0,0,10,9,0,false
d:\repositorio_git\lab-experimentacao\LAB02\repos\DevsmartLib-Android\devsmartlib\src\com\devsmart\android\DbUtils.java,com.devsmart.android.DbUtils,"executeAssetSQL/3[com.devsmart.android.SQLiteDatabase,com.devsmart.android.Resources,java.lang.String]",false,80,4,2,0,2,4,10,19,0,1,3,10,0,0,1,0,1,0,2,0,2,0,3,0,0,0,16,9,0,false
d:\repositorio_git\lab-experimentacao\LAB02\repos\DevsmartLib-Android\devsmartlib\src\com\devsmart\android\DbUtils.java,com.devsmart.android.DbUtils,"getStringCursorValue/3[com.devsmart.android.Cursor,java.lang.String,java.lang.String]",false,20,1,0,0,0,2,2,11,1,2,3,2,0,0,0,1,0,0,0,1,4,0,1,0,0,0,10,9,0,false
d:\repositorio_git\lab-experimentacao\LAB02\repos\DevsmartLib-Android\devsmartlib\src\com\devsmart\android\DbUtils.java,com.devsmart.android.DbUtils,"lookupSingleStringValue/6[com.devsmart.android.SQLiteDatabase,java.lang.String,java.lang.String,java.lang.String,java.lang.String[],java.lang.String]",false,67,2,0,0,0,2,4,13,1,2,6,4,0,0,0,0,1,0,0,1,3,0,2,0,0,0,14,9,0,false
d:\repositorio_git\lab-experimentacao\LAB02\repos\DevsmartLib-Android\devsmartlib\src\com\devsmart\android\DbUtils.java,com.devsmart.android.DbUtils,"updateOrInsert/5[com.devsmart.android.SQLiteDatabase,java.lang.String,com.devsmart.android.ContentValues,java.lang.String,java.lang.String[]]",false,99,2,0,0,0,2,5,15,1,1,5,5,0,0,0,1,1,0,0,2,3,0,2,0,0,0,10,9,0,false
d:\repositorio_git\lab-experimentacao\LAB02\repos\DevsmartLib-Android\devsmartlib\src\com\devsmart\android\DbUtils.java,com.devsmart.android.DbUtils,"lookupSingleStringValue/4[com.devsmart.android.Context,com.devsmart.android.Uri,java.lang.String,java.lang.String]",false,53,3,0,0,0,2,5,13,1,2,4,5,0,0,0,0,1,0,0,1,3,0,2,0,0,0,11,9,0,false
d:\repositorio_git\lab-experimentacao\LAB02\repos\DevsmartLib-Android\devsmartlib\src\com\commonsware\cwac\merge\MergeAdapter.java,com.commonsware.cwac.merge.MergeAdapter$PieceState,"PieceState/2[com.commonsware.cwac.merge.ListAdapter,boolean]",true,400,1,1,1,0,1,0,4,0,0,2,0,0,0,0,0,0,0,0,0,2,0,0,0,0,0,7,0,0,false
d:\repositorio_git\lab-experimentacao\LAB02\repos\DevsmartLib-Android\devsmartlib\src\com\devsmart\android\IOUtils.java,com.devsmart.android.IOUtils$ProgressBackgroundTask$Anonymous2,run/0,false,100,1,3,0,3,1,1,3,0,0,0,1,0,0,0,0,0,0,0,0,0,0,0,0,0,0,1,1,0,false
d:\repositorio_git\lab-experimentacao\LAB02\repos\DevsmartLib-Android\devsmartlib\src\com\devsmart\android\IOUtils.java,com.devsmart.android.IOUtils,"copyFile/2[java.io.File,java.io.File]",false,34,1,0,0,0,2,4,11,0,4,2,4,0,0,1,0,0,1,0,3,4,0,1,0,0,0,14,9,0,false
d:\repositorio_git\lab-experimentacao\LAB02\repos\DevsmartLib-Android\devsmartlib\src\com\devsmart\android\IOUtils.java,com.devsmart.android.IOUtils,toByteArray/1[java.io.InputStream],false,19,2,1,0,1,1,2,5,1,1,1,2,1,1,0,0,0,0,0,0,1,0,0,0,0,0,12,9,0,false
d:\repositorio_git\lab-experimentacao\LAB02\repos\DevsmartLib-Android\devsmartlib\src\com\devsmart\android\IOUtils.java,com.devsmart.android.IOUtils,"pumpStream/3[java.io.InputStream,java.io.OutputStream,com.devsmart.android.IOUtils.DataProgressCallback]",false,51,2,2,1,1,3,5,12,0,2,3,5,0,0,1,2,0,1,0,5,3,0,2,0,0,0,11,9,0,false
d:\repositorio_git\lab-experimentacao\LAB02\repos\DevsmartLib-Android\devsmartlib\src\com\devsmart\android\IOUtils.java,com.devsmart.android.IOUtils,getPhoneLogs/0,false,108,0,0,0,0,1,3,6,1,2,0,3,0,0,0,0,0,0,2,0,2,0,0,0,0,0,12,9,0,false
d:\repositorio_git\lab-experimentacao\LAB02\repos\DevsmartLib-Android\devsmartlib\src\com\devsmart\android\IOUtils.java,com.devsmart.android.IOUtils,"writeByteArrayToFile/2[java.io.File,byte[]]",false,25,1,0,0,0,1,2,9,0,1,2,2,0,0,0,0,1,0,0,0,1,0,1,0,0,0,13,9,0,false
d:\repositorio_git\lab-experimentacao\LAB02\repos\DevsmartLib-Android\devsmartlib\src\com\devsmart\android\ServiceBinder.java,com.devsmart.android.ServiceBinder$Anonymous1,onServiceDisconnected/1[com.devsmart.android.ComponentName],false,68,1,0,0,0,1,0,2,0,0,1,0,0,0,0,0,0,0,0,0,0,0,0,0,0,0,6,1,0,false
d:\repositorio_git\lab-experimentacao\LAB02\repos\DevsmartLib-Android\devsmartlib\src\com\devsmart\android\ServiceBinder.java,com.devsmart.android.ServiceBinder$Anonymous1,"onServiceConnected/2[com.devsmart.android.ComponentName,com.devsmart.android.IBinder]",false,45,4,0,0,0,5,8,19,0,2,2,8,0,0,1,1,1,0,3,0,4,0,3,0,0,0,21,1,0,false
d:\repositorio_git\lab-experimentacao\LAB02\repos\DevsmartLib-Android\devsmartlib\src\com\commonsware\cwac\merge\MergeAdapter.java,com.commonsware.cwac.merge.MergeAdapter$PieceStateRoster,add/1[com.commonsware.cwac.merge.ListAdapter],false,410,2,2,1,1,1,1,3,0,0,1,1,0,0,0,0,0,0,0,0,0,0,0,0,0,0,6,0,0,false
d:\repositorio_git\lab-experimentacao\LAB02\repos\DevsmartLib-Android\devsmartlib\src\com\commonsware\cwac\merge\MergeAdapter.java,com.commonsware.cwac.merge.MergeAdapter$PieceStateRoster,"setActive/2[com.commonsware.cwac.merge.View,boolean]",false,424,3,0,0,0,4,1,9,0,0,2,1,0,0,1,0,0,1,0,0,2,0,2,0,0,0,15,0,0,false
d:\repositorio_git\lab-experimentacao\LAB02\repos\DevsmartLib-Android\devsmartlib\src\com\commonsware\cwac\merge\MergeAdapter.java,com.commonsware.cwac.merge.MergeAdapter$PieceStateRoster,"setActive/2[com.commonsware.cwac.merge.ListAdapter,boolean]",false,414,1,2,2,0,3,0,9,0,0,2,0,0,0,1,1,0,0,0,0,2,0,2,0,0,0,12,0,0,false
d:\repositorio_git\lab-experimentacao\LAB02\repos\DevsmartLib-Android\devsmartlib\src\com\commonsware\cwac\merge\MergeAdapter.java,com.commonsware.cwac.merge.MergeAdapter$PieceStateRoster,getRawPieces/0,false,435,1,2,2,0,1,0,3,1,0,0,0,0,0,0,0,0,1,0,0,0,0,0,0,0,0,4,0,0,false
d:\repositorio_git\lab-experimentacao\LAB02\repos\DevsmartLib-Android\devsmartlib\src\com\commonsware\cwac\merge\MergeAdapter.java,com.commonsware.cwac.merge.MergeAdapter$PieceStateRoster,getPieces/0,false,439,1,1,1,0,4,1,11,1,0,0,1,0,0,1,1,0,1,0,0,1,0,3,0,0,0,8,0,0,false
d:\repositorio_git\lab-experimentacao\LAB02\repos\DevsmartLib-Android\devsmartlib\src\com\commonsware\cwac\merge\MergeAdapter.java,com.commonsware.cwac.merge.MergeAdapter,getCount/0,false,165,1,1,0,1,2,2,7,1,1,0,2,1,1,1,0,0,1,0,1,2,0,1,0,0,0,17,1,0,true
d:\repositorio_git\lab-experimentacao\LAB02\repos\DevsmartLib-Android\devsmartlib\src\com\commonsware\cwac\merge\MergeAdapter.java,com.commonsware.cwac.merge.MergeAdapter,getItemId/1[int],false,288,1,1,0,1,3,3,10,2,1,1,3,1,1,1,0,0,2,0,1,2,0,2,0,0,0,24,1,0,true
d:\repositorio_git\lab-experimentacao\LAB02\repos\DevsmartLib-Android\devsmartlib\src\com\commonsware\cwac\merge\MergeAdapter.java,com.commonsware.cwac.merge.MergeAdapter,getSections/0,false,360,3,1,0,1,6,5,17,2,2,0,5,1,1,2,2,0,3,0,3,2,0,4,0,0,0,13,1,0,false
d:\repositorio_git\lab-experimentacao\LAB02\repos\DevsmartLib-Android\devsmartlib\src\com\commonsware\cwac\merge\MergeAdapter.java,com.commonsware.cwac.merge.MergeAdapter,getAdapter/1[int],false,146,2,1,0,1,3,2,10,2,1,1,2,1,1,1,0,0,2,0,0,2,0,2,0,0,0,22,1,0,true
d:\repositorio_git\lab-experimentacao\LAB02\repos\DevsmartLib-Android\devsmartlib\src\com\commonsware\cwac\merge\MergeAdapter.java,com.commonsware.cwac.merge.MergeAdapter,"setActive/2[com.commonsware.cwac.merge.View,boolean]",false,387,2,1,0,1,1,2,4,0,0,2,2,0,0,0,0,0,0,0,0,0,0,0,0,0,0,8,1,0,false
d:\repositorio_git\lab-experimentacao\LAB02\repos\DevsmartLib-Android\devsmartlib\src\com\commonsware\cwac\merge\MergeAdapter.java,com.commonsware.cwac.merge.MergeAdapter,isEnabled/1[int],false,239,1,1,0,1,3,3,10,2,1,1,3,1,1,1,0,0,2,0,0,2,0,2,0,0,0,24,1,0,true
d:\repositorio_git\lab-experimentacao\LAB02\repos\DevsmartLib-Android\devsmartlib\src\com\commonsware\cwac\merge\MergeAdapter.java,com.commonsware.cwac.merge.MergeAdapter,addViews/1[java.util.List<com.commonsware.cwac.merge.View>],false,95,2,1,0,1,1,1,3,0,0,1,1,1,2,0,0,0,0,0,0,0,0,0,0,0,0,15,1,0,true
d:\repositorio_git\lab-experimentacao\LAB02\repos\DevsmartLib-Android\devsmartlib\src\com\commonsware\cwac\merge\MergeAdapter.java,com.commonsware.cwac.merge.MergeAdapter,getPieces/0,false,392,2,10,9,1,1,1,3,1,0,0,1,0,0,0,0,0,1,0,0,0,0,0,0,0,0,2,4,0,false
d:\repositorio_git\lab-experimentacao\LAB02\repos\DevsmartLib-Android\devsmartlib\src\com\commonsware\cwac\merge\MergeAdapter.java,com.commonsware.cwac.merge.MergeAdapter,getItemViewType/1[int],false,200,1,1,0,1,4,4,16,1,3,1,4,0,0,1,0,0,1,0,2,6,1,3,0,0,0,27,1,0,true
d:\repositorio_git\lab-experimentacao\LAB02\repos\DevsmartLib-Android\devsmartlib\src\com\commonsware\cwac\merge\MergeAdapter.java,com.commonsware.cwac.merge.MergeAdapter,getSectionForPosition/1[int],false,330,3,1,0,1,6,4,22,3,3,1,4,1,1,1,1,0,5,0,3,5,1,4,0,0,0,14,1,0,false
d:\repositorio_git\lab-experimentacao\LAB02\repos\DevsmartLib-Android\devsmartlib\src\com\commonsware\cwac\merge\MergeAdapter.java,com.commonsware.cwac.merge.MergeAdapter,"addViews/2[java.util.List<com.commonsware.cwac.merge.View>,boolean]",false,108,4,4,2,2,2,1,8,0,0,2,1,1,1,0,0,0,0,0,0,0,0,1,0,0,0,23,1,0,true
d:\repositorio_git\lab-experimentacao\LAB02\repos\DevsmartLib-Android\devsmartlib\src\com\commonsware\cwac\merge\MergeAdapter.java,com.commonsware.cwac.merge.MergeAdapter,"getView/3[int,com.commonsware.cwac.merge.View,com.commonsware.cwac.merge.ViewGroup]",false,265,3,1,0,1,3,3,10,2,1,3,3,1,1,1,0,0,2,0,0,2,0,2,0,0,0,31,1,0,true
d:\repositorio_git\lab-experimentacao\LAB02\repos\DevsmartLib-Android\devsmartlib\src\com\commonsware\cwac\merge\MergeAdapter.java,com.commonsware.cwac.merge.MergeAdapter,addView/1[com.commonsware.cwac.merge.View],false,67,2,1,0,1,1,1,3,0,0,1,1,1,3,0,0,0,0,0,0,0,0,0,0,0,0,14,1,0,true
d:\repositorio_git\lab-experimentacao\LAB02\repos\DevsmartLib-Android\devsmartlib\src\com\commonsware\cwac\merge\MergeAdapter.java,com.commonsware.cwac.merge.MergeAdapter,getViewTypeCount/0,false,180,1,1,0,1,2,3,7,1,1,0,3,0,0,1,0,0,1,0,2,2,0,1,0,0,0,19,1,0,true
d:\repositorio_git\lab-experimentacao\LAB02\repos\DevsmartLib-Android\devsmartlib\src\com\commonsware\cwac\merge\MergeAdapter.java,com.commonsware.cwac.merge.MergeAdapter,MergeAdapter/0,true,44,0,0,0,0,1,0,3,0,0,0,0,0,0,0,0,0,0,0,0,0,0,0,0,0,0,7,1,0,true
d:\repositorio_git\lab-experimentacao\LAB02\repos\DevsmartLib-Android\devsmartlib\src\com\commonsware\cwac\merge\MergeAdapter.java,com.commonsware.cwac.merge.MergeAdapter,getItem/1[int],false,125,1,1,0,1,3,3,10,2,1,1,3,1,1,1,0,0,2,0,0,2,0,2,0,0,0,23,1,0,true
d:\repositorio_git\lab-experimentacao\LAB02\repos\DevsmartLib-Android\devsmartlib\src\com\commonsware\cwac\merge\MergeAdapter.java,com.commonsware.cwac.merge.MergeAdapter,areAllItemsEnabled/0,false,227,0,0,0,0,1,0,3,1,0,0,0,0,0,0,0,0,1,0,0,0,0,0,0,0,0,17,1,0,true
d:\repositorio_git\lab-experimentacao\LAB02\repos\DevsmartLib-Android\devsmartlib\src\com\commonsware\cwac\merge\MergeAdapter.java,com.commonsware.cwac.merge.MergeAdapter,getPositionForSection/1[int],false,303,3,1,0,1,6,4,20,2,3,1,4,1,1,1,2,0,4,0,3,6,1,3,0,0,0,15,1,0,false
d:\repositorio_git\lab-experimentacao\LAB02\repos\DevsmartLib-Android\devsmartlib\src\com\commonsware\cwac\merge\MergeAdapter.java,com.commonsware.cwac.merge.MergeAdapter,addAdapter/1[com.commonsware.cwac.merge.ListAdapter],false,55,3,3,1,2,1,2,4,0,0,1,2,0,0,0,0,0,0,0,0,0,0,0,0,0,0,22,1,0,true
d:\repositorio_git\lab-experimentacao\LAB02\repos\DevsmartLib-Android\devsmartlib\src\com\commonsware\cwac\merge\MergeAdapter.java,com.commonsware.cwac.merge.MergeAdapter,"addView/2[com.commonsware.cwac.merge.View,boolean]",false,80,2,2,1,1,1,2,5,0,1,2,2,1,2,0,0,0,0,0,1,1,0,0,0,0,0,21,1,0,true
d:\repositorio_git\lab-experimentacao\LAB02\repos\DevsmartLib-Android\devsmartlib\src\com\commonsware\cwac\merge\MergeAdapter.java,com.commonsware.cwac.merge.MergeAdapter,"setActive/2[com.commonsware.cwac.merge.ListAdapter,boolean]",false,382,2,1,0,1,1,2,4,0,0,2,2,0,0,0,0,0,0,0,0,0,0,0,0,0,0,9,1,0,false
d:\repositorio_git\lab-experimentacao\LAB02\repos\DevsmartLib-Android\devsmartlib\src\com\devsmart\android\IOUtils.java,com.devsmart.android.IOUtils$ProgressBackgroundTask$ProgressListener,"onProgress/4[com.devsmart.android.IOUtils.ProgressBackgroundTask,int,int,java.lang.String]",false,87,1,1,1,0,1,0,1,0,0,4,0,0,0,0,0,0,0,0,0,0,0,0,0,0,0,5,1,0,false
d:\repositorio_git\lab-experimentacao\LAB02\repos\DevsmartLib-Android\devsmartlib\src\com\devsmart\android\OrientationUtil.java,com.devsmart.android.OrientationUtil$OrientationListener,onOrientationChanged/1[com.devsmart.android.OrientationUtil.Side],false,18,1,1,1,0,1,0,1,0,0,1,0,0,0,0,0,0,0,0,0,0,0,0,0,0,0,5,1,0,false
d:\repositorio_git\lab-experimentacao\LAB02\repos\DevsmartLib-Android\devsmartlib\src\com\devsmart\android\IOUtils.java,com.devsmart.android.IOUtils$BackgroundTask$Anonymous1,run/0,false,76,1,3,0,3,1,1,3,0,0,0,1,0,0,0,0,0,0,0,0,0,0,0,0,0,0,3,1,0,false
d:\repositorio_git\lab-experimentacao\LAB02\repos\DevsmartLib-Android\devsmartlib\src\com\devsmart\android\OrientationUtil.java,com.devsmart.android.OrientationUtil,setListener/1[com.devsmart.android.OrientationUtil.OrientationListener],false,37,1,0,0,0,1,0,3,0,0,1,0,0,0,0,0,0,0,0,0,1,0,0,0,0,0,5,1,0,false
d:\repositorio_git\lab-experimentacao\LAB02\repos\DevsmartLib-Android\devsmartlib\src\com\devsmart\android\OrientationUtil.java,com.devsmart.android.OrientationUtil,getOrientation/0,false,45,1,0,0,0,1,0,3,1,0,0,0,0,0,0,0,0,0,0,0,0,0,0,0,0,0,5,1,0,false
d:\repositorio_git\lab-experimentacao\LAB02\repos\DevsmartLib-Android\devsmartlib\src\com\devsmart\android\OrientationUtil.java,com.devsmart.android.OrientationUtil,"onAccuracyChanged/2[com.devsmart.android.Sensor,int]",false,55,1,0,0,0,1,0,2,0,0,2,0,0,0,0,0,0,0,0,0,0,0,0,0,0,0,5,1,0,false
d:\repositorio_git\lab-experimentacao\LAB02\repos\DevsmartLib-Android\devsmartlib\src\com\devsmart\android\OrientationUtil.java,com.devsmart.android.OrientationUtil,toDegrees/1[com.devsmart.android.OrientationUtil.Side],false,122,1,1,1,0,5,0,18,1,1,1,0,0,0,0,0,0,0,0,5,5,0,1,0,0,0,5,9,0,false
d:\repositorio_git\lab-experimentacao\LAB02\repos\DevsmartLib-Android\devsmartlib\src\com\devsmart\android\OrientationUtil.java,com.devsmart.android.OrientationUtil,OrientationUtil/1[com.devsmart.android.Context],true,32,2,0,0,0,1,3,4,0,0,1,3,0,0,0,0,0,0,0,0,1,0,0,0,0,0,7,1,0,false
d:\repositorio_git\lab-experimentacao\LAB02\repos\DevsmartLib-Android\devsmartlib\src\com\devsmart\android\OrientationUtil.java,com.devsmart.android.OrientationUtil,finalize/0,false,50,1,1,0,1,1,1,3,0,0,0,1,1,1,0,0,0,0,0,0,0,0,0,0,0,0,2,4,0,false
d:\repositorio_git\lab-experimentacao\LAB02\repos\DevsmartLib-Android\devsmartlib\src\com\devsmart\android\OrientationUtil.java,com.devsmart.android.OrientationUtil,onSensorChanged/1[com.devsmart.android.SensorEvent],false,61,3,1,0,1,9,2,22,0,4,1,2,0,0,0,1,0,0,0,9,9,0,1,0,0,0,14,1,0,false
d:\repositorio_git\lab-experimentacao\LAB02\repos\DevsmartLib-Android\devsmartlib\src\com\devsmart\android\OrientationUtil.java,com.devsmart.android.OrientationUtil,stop/0,false,41,0,1,1,0,1,1,3,0,0,0,1,0,0,0,0,0,0,0,0,0,0,0,0,0,0,1,1,0,false
d:\repositorio_git\lab-experimentacao\LAB02\repos\DevsmartLib-Android\devsmartlib\src\com\devsmart\android\OrientationUtil.java,com.devsmart.android.OrientationUtil,"getRotationAnimation/2[com.devsmart.android.OrientationUtil.Side,com.devsmart.android.OrientationUtil.Side]",false,90,5,1,0,1,7,5,22,1,3,2,5,1,1,0,6,0,0,0,13,7,0,2,0,0,0,16,9,0,false
d:\repositorio_git\lab-experimentacao\LAB02\repos\DevsmartLib-Android\demo\src\com\devsmart\demo\HorizontalListViewDemo.java,com.devsmart.demo.HorizontalListViewDemo,onCreate/1[com.devsmart.demo.Bundle],false,19,2,1,0,1,1,4,6,0,1,1,4,0,0,0,0,0,0,0,0,1,0,0,0,0,0,17,4,0,false
d:\repositorio_git\lab-experimentacao\LAB02\repos\DevsmartLib-Android\demo\src\com\devsmart\demo\HorizontalListViewDemo.java,com.devsmart.demo.HorizontalListViewDemo$Anonymous1,getItem/1[int],false,53,0,0,0,0,1,0,3,1,0,1,0,0,0,0,0,0,0,0,0,0,0,0,0,0,0,5,1,0,false
d:\repositorio_git\lab-experimentacao\LAB02\repos\DevsmartLib-Android\demo\src\com\devsmart\demo\HorizontalListViewDemo.java,com.devsmart.demo.HorizontalListViewDemo$Anonymous1,getItemId/1[int],false,58,0,0,0,0,1,0,3,1,0,1,0,0,0,0,0,0,0,0,1,0,0,0,0,0,0,4,1,0,false
d:\repositorio_git\lab-experimentacao\LAB02\repos\DevsmartLib-Android\demo\src\com\devsmart\demo\HorizontalListViewDemo.java,com.devsmart.demo.HorizontalListViewDemo$Anonymous1,"getView/3[int,com.devsmart.demo.View,com.devsmart.demo.ViewGroup]",false,63,4,0,0,0,1,6,8,1,3,3,6,0,0,0,0,0,0,0,0,3,0,0,0,0,0,11,1,0,false
d:\repositorio_git\lab-experimentacao\LAB02\repos\DevsmartLib-Android\demo\src\com\devsmart\demo\HorizontalListViewDemo.java,com.devsmart.demo.HorizontalListViewDemo$Anonymous1,getCount/0,false,48,0,0,0,0,1,0,3,1,0,0,0,0,0,0,0,0,0,0,0,0,0,0,0,0,0,2,1,0,false
d:\repositorio_git\lab-experimentacao\LAB02\repos\DevsmartLib-Android\devsmartlib\src\com\devsmart\android\LocationService.java,com.devsmart.android.LocationService$Anonymous2,onProviderEnabled/1[java.lang.String],false,58,0,0,0,0,1,0,2,0,0,1,0,0,0,0,0,0,0,0,0,0,0,0,0,0,0,4,1,0,false
d:\repositorio_git\lab-experimentacao\LAB02\repos\DevsmartLib-Android\devsmartlib\src\com\devsmart\android\LocationService.java,com.devsmart.android.LocationService$Anonymous2,"onStatusChanged/3[java.lang.String,int,com.devsmart.android.Bundle]",false,52,1,0,0,0,1,0,2,0,0,3,0,0,0,0,0,0,0,0,0,0,0,0,0,0,0,4,1,0,false
d:\repositorio_git\lab-experimentacao\LAB02\repos\DevsmartLib-Android\devsmartlib\src\com\devsmart\android\LocationService.java,com.devsmart.android.LocationService$Anonymous2,onLocationChanged/1[com.devsmart.android.Location],false,70,2,1,0,1,2,1,5,0,0,1,1,0,0,0,0,0,0,0,0,1,0,1,0,0,0,8,1,0,false
d:\repositorio_git\lab-experimentacao\LAB02\repos\DevsmartLib-Android\devsmartlib\src\com\devsmart\android\LocationService.java,com.devsmart.android.LocationService$Anonymous2,onProviderDisabled/1[java.lang.String],false,64,0,0,0,0,1,0,2,0,0,1,0,0,0,0,0,0,0,0,0,0,0,0,0,0,0,4,1,0,false
d:\repositorio_git\lab-experimentacao\LAB02\repos\DevsmartLib-Android\devsmartlib\src\com\devsmart\android\LocationService.java,com.devsmart.android.LocationService$Anonymous1,getBestLocation/0,false,20,1,0,0,0,1,0,3,1,0,0,0,0,0,0,0,0,0,0,0,0,0,0,0,0,0,6,1,0,false
d:\repositorio_git\lab-experimentacao\LAB02\repos\DevsmartLib-Android\devsmartlib\src\com\commonsware\cwac\loaderex\AbstractCursorLoader.java,com.commonsware.cwac.loaderex.AbstractCursorLoader,deliverResult/1[com.commonsware.cwac.loaderex.Cursor],false,54,1,1,1,0,7,5,16,1,1,1,5,0,0,0,3,0,0,0,0,2,0,2,0,0,0,25,1,0,true
d:\repositorio_git\lab-experimentacao\LAB02\repos\DevsmartLib-Android\devsmartlib\src\com\commonsware\cwac\loaderex\AbstractCursorLoader.java,com.commonsware.cwac.loaderex.AbstractCursorLoader,onStopLoading/0,false,101,0,1,1,0,1,1,3,0,0,0,1,0,0,0,0,0,0,0,0,0,0,0,0,0,0,18,4,0,true
d:\repositorio_git\lab-experimentacao\LAB02\repos\DevsmartLib-Android\devsmartlib\src\com\commonsware\cwac\loaderex\AbstractCursorLoader.java,com.commonsware.cwac.loaderex.AbstractCursorLoader,onStartLoading/0,false,86,1,1,0,1,4,3,8,0,0,0,3,1,1,0,2,0,0,0,0,0,0,1,0,0,0,44,4,0,true
d:\repositorio_git\lab-experimentacao\LAB02\repos\DevsmartLib-Android\devsmartlib\src\com\commonsware\cwac\loaderex\AbstractCursorLoader.java,com.commonsware.cwac.loaderex.AbstractCursorLoader,loadInBackground/0,false,37,2,1,0,1,2,2,7,1,1,0,2,1,1,0,1,0,1,0,0,1,0,1,0,0,0,20,1,0,true
d:\repositorio_git\lab-experimentacao\LAB02\repos\DevsmartLib-Android\devsmartlib\src\com\commonsware\cwac\loaderex\AbstractCursorLoader.java,com.commonsware.cwac.loaderex.AbstractCursorLoader,onCanceled/1[com.commonsware.cwac.loaderex.Cursor],false,112,1,0,0,0,3,2,5,0,0,1,2,0,0,0,1,0,0,0,0,0,0,1,0,0,0,29,1,0,true
d:\repositorio_git\lab-experimentacao\LAB02\repos\DevsmartLib-Android\devsmartlib\src\com\commonsware\cwac\loaderex\AbstractCursorLoader.java,com.commonsware.cwac.loaderex.AbstractCursorLoader,onReset/0,false,124,1,1,0,1,3,4,8,0,0,0,4,1,1,0,1,0,0,0,0,1,0,1,0,0,0,31,4,0,true
d:\repositorio_git\lab-experimentacao\LAB02\repos\DevsmartLib-Android\devsmartlib\src\com\commonsware\cwac\loaderex\AbstractCursorLoader.java,com.commonsware.cwac.loaderex.AbstractCursorLoader,buildCursor/0,false,25,1,1,1,0,1,0,1,0,0,0,0,0,0,0,0,0,0,0,0,0,0,0,0,0,0,2,1028,0,false
d:\repositorio_git\lab-experimentacao\LAB02\repos\DevsmartLib-Android\devsmartlib\src\com\commonsware\cwac\loaderex\AbstractCursorLoader.java,com.commonsware.cwac.loaderex.AbstractCursorLoader,AbstractCursorLoader/1[com.commonsware.cwac.loaderex.Context],true,28,1,0,0,0,1,0,3,0,0,1,0,0,0,0,0,0,0,0,0,0,0,0,0,0,0,5,1,0,false
d:\repositorio_git\lab-experimentacao\LAB02\repos\DevsmartLib-Android\devsmartlib\src\com\commonsware\cwac\loaderex\SQLiteCursorLoader.java,com.commonsware.cwac.loaderex.SQLiteCursorLoader$InsertTask,doInBackground/1[java.lang.Object[]],false,105,2,0,0,0,1,2,8,1,4,1,2,0,0,0,0,0,1,0,4,4,0,0,0,0,0,18,4,0,false
d:\repositorio_git\lab-experimentacao\LAB02\repos\DevsmartLib-Android\devsmartlib\src\com\commonsware\cwac\loaderex\SQLiteCursorLoader.java,com.commonsware.cwac.loaderex.SQLiteCursorLoader$InsertTask,InsertTask/1[com.commonsware.cwac.loaderex.SQLiteCursorLoader],true,100,1,1,1,0,1,0,3,0,0,1,0,0,0,0,0,0,0,0,0,0,0,0,0,0,0,8,0,0,false
d:\repositorio_git\lab-experimentacao\LAB02\repos\DevsmartLib-Android\devsmartlib\src\com\commonsware\cwac\merge\MergeAdapter.java,com.commonsware.cwac.merge.MergeAdapter$CascadeDataSetObserver,onChanged/0,false,472,0,0,0,0,1,1,3,0,0,0,1,0,0,0,0,0,0,0,0,0,0,0,0,0,0,5,1,0,false
d:\repositorio_git\lab-experimentacao\LAB02\repos\DevsmartLib-Android\devsmartlib\src\com\commonsware\cwac\merge\MergeAdapter.java,com.commonsware.cwac.merge.MergeAdapter$CascadeDataSetObserver,onInvalidated/0,false,477,0,0,0,0,1,1,3,0,0,0,1,0,0,0,0,0,0,0,0,0,0,0,0,0,0,5,1,0,false
d:\repositorio_git\lab-experimentacao\LAB02\repos\DevsmartLib-Android\devsmartlib\src\com\devsmart\android\ui\lifecycle\LifecycleHookFragmentActivity.java,com.devsmart.android.ui.lifecycle.LifecycleHookFragmentActivity,onPause/0,false,45,1,1,0,1,2,2,6,0,0,0,2,0,0,1,0,0,0,0,0,0,0,1,0,0,0,7,1,0,false
d:\repositorio_git\lab-experimentacao\LAB02\repos\DevsmartLib-Android\devsmartlib\src\com\devsmart\android\ui\lifecycle\LifecycleHookFragmentActivity.java,com.devsmart.android.ui.lifecycle.LifecycleHookFragmentActivity,onResume/0,false,53,1,1,0,1,2,2,6,0,0,0,2,0,0,1,0,0,0,0,0,0,0,1,0,0,0,7,1,0,false
d:\repositorio_git\lab-experimentacao\LAB02\repos\DevsmartLib-Android\devsmartlib\src\com\devsmart\android\ui\lifecycle\LifecycleHookFragmentActivity.java,com.devsmart.android.ui.lifecycle.LifecycleHookFragmentActivity,onSaveInstanceState/1[com.devsmart.android.ui.lifecycle.Bundle],false,61,2,1,0,1,2,2,6,0,0,1,2,0,0,1,0,0,0,0,0,0,0,1,0,0,0,10,1,0,false
d:\repositorio_git\lab-experimentacao\LAB02\repos\DevsmartLib-Android\devsmartlib\src\com\devsmart\android\ui\lifecycle\LifecycleHookFragmentActivity.java,com.devsmart.android.ui.lifecycle.LifecycleHookFragmentActivity,onDestroy/0,false,31,1,2,0,2,3,3,9,0,0,0,3,0,0,2,0,0,0,0,0,0,0,1,0,0,0,7,1,0,false
d:\repositorio_git\lab-experimentacao\LAB02\repos\DevsmartLib-Android\devsmartlib\src\com\devsmart\android\ui\lifecycle\LifecycleHookFragmentActivity.java,com.devsmart.android.ui.lifecycle.LifecycleHookFragmentActivity,onCreate/1[com.devsmart.android.ui.lifecycle.Bundle],false,18,2,2,0,2,3,3,9,0,0,1,3,0,0,2,0,0,0,0,0,0,0,1,0,0,0,11,1,0,false
d:\repositorio_git\lab-experimentacao\LAB02\repos\DevsmartLib-Android\devsmartlib\src\com\devsmart\android\ui\lifecycle\LifecycleHookFragmentActivity.java,com.devsmart.android.ui.lifecycle.LifecycleHookFragmentActivity,addLifecycleHook/1[com.devsmart.android.ui.lifecycle.LifecycleHook],false,13,1,0,0,0,1,1,3,0,0,1,1,0,0,0,0,0,0,0,0,0,0,0,0,0,0,4,1,0,false
d:\repositorio_git\lab-experimentacao\LAB02\repos\DevsmartLib-Android\devsmartlib\src\com\devsmart\android\ui\lifecycle\LifecycleHookFragmentActivity.java,com.devsmart.android.ui.lifecycle.LifecycleHookFragmentActivity,"onActivityResult/3[int,int,com.devsmart.android.ui.lifecycle.Intent]",false,69,2,1,0,1,2,2,6,0,0,3,2,0,0,1,0,0,0,0,0,0,0,1,0,0,0,9,1,0,false
d:\repositorio_git\lab-experimentacao\LAB02\repos\DevsmartLib-Android\demo\src\com\devsmart\demo\EqualSpaceLayoutDemo.java,com.devsmart.demo.EqualSpaceLayoutDemo,onCreate/1[com.devsmart.demo.Bundle],false,9,1,0,0,0,1,2,4,0,0,1,2,0,0,0,0,0,0,0,0,0,0,0,0,0,0,9,4,0,false
d:\repositorio_git\lab-experimentacao\LAB02\repos\DevsmartLib-Android\devsmartlib\src\com\devsmart\android\StringUtils.java,com.devsmart.android.StringUtils,"clickify/3[com.devsmart.android.TextView,java.lang.String,com.devsmart.android.StringUtils.ClickSpan]",false,109,6,0,0,0,5,10,19,1,6,3,10,0,0,0,2,0,3,0,1,6,1,1,0,0,0,21,9,0,false
d:\repositorio_git\lab-experimentacao\LAB02\repos\DevsmartLib-Android\devsmartlib\src\com\devsmart\android\StringUtils.java,com.devsmart.android.StringUtils,"loadAssetString/2[com.devsmart.android.Resources,java.lang.String]",false,56,2,2,1,1,1,3,4,1,1,2,3,1,1,0,0,0,0,0,0,1,0,0,0,0,0,11,9,0,false
d:\repositorio_git\lab-experimentacao\LAB02\repos\DevsmartLib-Android\devsmartlib\src\com\devsmart\android\StringUtils.java,com.devsmart.android.StringUtils,loadString/1[java.io.InputStream],false,61,1,2,2,0,2,3,10,1,4,1,3,0,0,1,1,0,1,0,4,5,0,1,0,0,0,15,9,0,false
d:\repositorio_git\lab-experimentacao\LAB02\repos\DevsmartLib-Android\devsmartlib\src\com\devsmart\android\StringUtils.java,com.devsmart.android.StringUtils,"intersection/2[java.lang.String[],java.lang.String[]]",false,90,0,0,0,0,3,5,12,1,4,2,5,0,0,1,0,0,0,0,1,4,0,2,0,0,0,6,9,0,false
d:\repositorio_git\lab-experimentacao\LAB02\repos\DevsmartLib-Android\devsmartlib\src\com\devsmart\android\StringUtils.java,com.devsmart.android.StringUtils,isEmptyString/1[java.lang.String],false,47,0,1,1,0,3,2,3,1,0,1,2,0,0,0,1,0,1,0,1,0,0,0,0,0,0,5,9,0,false
d:\repositorio_git\lab-experimentacao\LAB02\repos\DevsmartLib-Android\devsmartlib\src\com\devsmart\android\StringUtils.java,com.devsmart.android.StringUtils,sha1hash/1[java.lang.String],false,35,2,1,0,1,2,8,12,2,2,1,8,1,1,0,0,1,0,3,1,2,0,1,0,0,0,11,9,0,false
d:\repositorio_git\lab-experimentacao\LAB02\repos\DevsmartLib-Android\devsmartlib\src\com\devsmart\android\StringUtils.java,com.devsmart.android.StringUtils,"loadRawResourceString/2[com.devsmart.android.Resources,int]",false,51,2,1,0,1,1,2,4,1,1,2,2,1,1,0,0,0,0,0,0,1,0,0,0,0,0,13,9,0,false
d:\repositorio_git\lab-experimentacao\LAB02\repos\DevsmartLib-Android\devsmartlib\src\com\devsmart\android\StringUtils.java,com.devsmart.android.StringUtils,bytesToHex/1[byte[]],false,23,2,1,1,0,2,0,11,1,4,1,0,0,0,1,0,0,0,0,8,6,5,1,0,0,0,10,9,0,false
d:\repositorio_git\lab-experimentacao\LAB02\repos\DevsmartLib-Android\devsmartlib\src\com\devsmart\android\StringUtils.java,com.devsmart.android.StringUtils,"union/2[java.lang.String[],java.lang.String[]]",false,72,0,0,0,0,4,4,14,1,4,2,4,0,0,2,0,0,0,0,2,4,0,2,0,0,0,5,9,0,false
d:\repositorio_git\lab-experimentacao\LAB02\repos\DevsmartLib-Android\devsmartlib\src\com\devsmart\android\IOUtils.java,com.devsmart.android.IOUtils$ProgressBackgroundTask,"postProgress/3[int,int,java.lang.String]",false,96,0,1,0,1,2,1,10,0,0,3,1,0,0,0,1,0,0,0,0,0,0,1,1,0,0,8,1,0,false
d:\repositorio_git\lab-experimentacao\LAB02\repos\DevsmartLib-Android\devsmartlib\src\com\devsmart\android\IOUtils.java,com.devsmart.android.IOUtils$ProgressBackgroundTask,setProgressListener/1[com.devsmart.android.IOUtils.ProgressBackgroundTask.ProgressListener],false,92,1,0,0,0,1,0,3,0,0,1,0,0,0,0,0,0,0,0,0,1,0,0,0,0,0,5,1,0,false
d:\repositorio_git\lab-experimentacao\LAB02\repos\DevsmartLib-Android\devsmartlib\src\com\devsmart\android\ui\lifecycle\LifecycleHook.java,com.devsmart.android.ui.lifecycle.LifecycleHook,onAttach/1[com.devsmart.android.ui.lifecycle.Activity],false,9,1,3,3,0,1,0,2,0,0,1,0,0,0,0,0,0,0,0,0,0,0,0,0,0,0,4,1,0,false
d:\repositorio_git\lab-experimentacao\LAB02\repos\DevsmartLib-Android\devsmartlib\src\com\devsmart\android\ui\lifecycle\LifecycleHook.java,com.devsmart.android.ui.lifecycle.LifecycleHook,onDetach/0,false,11,0,3,3,0,1,0,2,0,0,0,0,0,0,0,0,0,0,0,0,0,0,0,0,0,0,2,1,0,false
d:\repositorio_git\lab-experimentacao\LAB02\repos\DevsmartLib-Android\devsmartlib\src\com\devsmart\android\ui\lifecycle\LifecycleHook.java,com.devsmart.android.ui.lifecycle.LifecycleHook,onCreate/1[com.devsmart.android.ui.lifecycle.Bundle],false,13,1,3,3,0,1,0,2,0,0,1,0,0,0,0,0,0,0,0,0,0,0,0,0,0,0,6,1,0,false
d:\repositorio_git\lab-experimentacao\LAB02\repos\DevsmartLib-Android\devsmartlib\src\com\devsmart\android\ui\lifecycle\LifecycleHook.java,com.devsmart.android.ui.lifecycle.LifecycleHook,onDestroy/0,false,15,0,3,3,0,1,0,2,0,0,0,0,0,0,0,0,0,0,0,0,0,0,0,0,0,0,2,1,0,false
d:\repositorio_git\lab-experimentacao\LAB02\repos\DevsmartLib-Android\devsmartlib\src\com\devsmart\android\ui\lifecycle\LifecycleHook.java,com.devsmart.android.ui.lifecycle.LifecycleHook,onResume/0,false,19,0,3,3,0,1,0,2,0,0,0,0,0,0,0,0,0,0,0,0,0,0,0,0,0,0,2,1,0,false
d:\repositorio_git\lab-experimentacao\LAB02\repos\DevsmartLib-Android\devsmartlib\src\com\devsmart\android\ui\lifecycle\LifecycleHook.java,com.devsmart.android.ui.lifecycle.LifecycleHook,onSaveInstanceState/1[com.devsmart.android.ui.lifecycle.Bundle],false,21,1,3,3,0,1,0,2,0,0,1,0,0,0,0,0,0,0,0,0,0,0,0,0,0,0,6,1,0,false
d:\repositorio_git\lab-experimentacao\LAB02\repos\DevsmartLib-Android\devsmartlib\src\com\devsmart\android\ui\lifecycle\LifecycleHook.java,com.devsmart.android.ui.lifecycle.LifecycleHook,"onActivityResult/3[int,int,com.devsmart.android.ui.lifecycle.Intent]",false,23,1,3,3,0,1,0,2,0,0,3,0,0,0,0,0,0,0,0,0,0,0,0,0,0,0,4,1,0,false
d:\repositorio_git\lab-experimentacao\LAB02\repos\DevsmartLib-Android\devsmartlib\src\com\devsmart\android\ui\lifecycle\LifecycleHook.java,com.devsmart.android.ui.lifecycle.LifecycleHook,onPause/0,false,17,0,3,3,0,1,0,2,0,0,0,0,0,0,0,0,0,0,0,0,0,0,0,0,0,0,2,1,0,false
d:\repositorio_git\lab-experimentacao\LAB02\repos\DevsmartLib-Android\devsmartlib\src\com\devsmart\android\RandomIterator.java,com.devsmart.android.RandomIterator,"createRandomIterator/2[java.util.Collection<T>,java.util.Random]",false,15,1,1,1,0,1,2,5,1,1,2,2,0,0,0,0,0,0,0,0,1,0,0,0,0,0,6,9,0,false
d:\repositorio_git\lab-experimentacao\LAB02\repos\DevsmartLib-Android\devsmartlib\src\com\devsmart\android\RandomIterator.java,com.devsmart.android.RandomIterator,createRandomIterator/1[java.util.Collection<T>],false,11,2,1,0,1,1,1,3,1,0,1,1,1,1,0,0,0,0,0,0,0,0,0,0,0,0,4,9,0,false
d:\repositorio_git\lab-experimentacao\LAB02\repos\DevsmartLib-Android\demo\src\com\devsmart\demo\fragment\DemoFragment.java,com.devsmart.demo.fragment.DemoFragment,onAttach/1[com.devsmart.demo.fragment.Activity],false,23,2,0,0,0,2,1,6,0,0,1,1,0,0,0,0,0,0,0,0,1,0,1,0,0,0,7,1,0,false
d:\repositorio_git\lab-experimentacao\LAB02\repos\DevsmartLib-Android\demo\src\com\devsmart\demo\fragment\DemoFragment.java,com.devsmart.demo.fragment.DemoFragment,"onCreateView/3[com.devsmart.demo.fragment.LayoutInflater,com.devsmart.demo.fragment.ViewGroup,com.devsmart.demo.fragment.Bundle]",false,31,5,0,0,0,1,3,11,1,2,3,3,0,0,0,0,0,0,0,0,2,0,0,1,0,0,14,1,0,false
d:\repositorio_git\lab-experimentacao\LAB02\repos\DevsmartLib-Android\demo\src\com\devsmart\demo\fragment\DemoFragment.java,com.devsmart.demo.fragment.DemoFragment$Anonymous1,onClick/1[com.devsmart.demo.fragment.View],false,39,2,1,0,1,1,1,3,0,0,1,1,0,0,0,0,0,0,0,0,0,0,0,0,0,0,4,1,0,false
d:\repositorio_git\lab-experimentacao\LAB02\repos\DevsmartLib-Android\devsmartlib\src\com\devsmart\android\mathutils\Quotient.java,com.devsmart.android.mathutils.Quotient,inverse/0,false,17,1,1,0,1,1,0,3,1,0,0,0,0,0,0,0,0,0,0,0,0,0,0,0,0,0,2,1,0,false
d:\repositorio_git\lab-experimentacao\LAB02\repos\DevsmartLib-Android\devsmartlib\src\com\devsmart\android\mathutils\Quotient.java,com.devsmart.android.mathutils.Quotient,"Quotient/2[int,int]",true,8,0,1,1,0,1,0,4,0,0,2,0,0,0,0,0,0,0,0,0,2,0,0,0,0,0,5,1,0,false
d:\repositorio_git\lab-experimentacao\LAB02\repos\DevsmartLib-Android\devsmartlib\src\com\devsmart\android\mathutils\Quotient.java,com.devsmart.android.mathutils.Quotient,getDoubleValue/0,false,13,0,0,0,0,1,0,3,1,0,0,0,0,0,0,0,0,0,0,0,0,1,0,0,0,0,5,1,0,false
d:\repositorio_git\lab-experimentacao\LAB02\repos\DevsmartLib-Android\devsmartlib\src\com\commonsware\cwac\merge\MergeAdapter.java,com.commonsware.cwac.merge.MergeAdapter$EnabledSackAdapter,areAllItemsEnabled/0,false,460,0,0,0,0,1,0,3,1,0,0,0,0,0,0,0,0,1,0,0,0,0,0,0,0,0,5,1,0,false
d:\repositorio_git\lab-experimentacao\LAB02\repos\DevsmartLib-Android\devsmartlib\src\com\commonsware\cwac\merge\MergeAdapter.java,com.commonsware.cwac.merge.MergeAdapter$EnabledSackAdapter,isEnabled/1[int],false,465,0,0,0,0,1,0,3,1,0,1,0,0,0,0,0,0,1,0,0,0,0,0,0,0,0,4,1,0,false
d:\repositorio_git\lab-experimentacao\LAB02\repos\DevsmartLib-Android\devsmartlib\src\com\commonsware\cwac\merge\MergeAdapter.java,com.commonsware.cwac.merge.MergeAdapter$EnabledSackAdapter,EnabledSackAdapter/1[java.util.List<com.commonsware.cwac.merge.View>],true,455,1,1,1,0,1,0,3,0,0,1,0,0,0,0,0,0,0,0,0,0,0,0,0,0,0,4,1,0,false
d:\repositorio_git\lab-experimentacao\LAB02\repos\DevsmartLib-Android\devsmartlib\src\com\devsmart\android\ui\EqualSpaceLayout.java,com.devsmart.android.ui.EqualSpaceLayout,setOrientation/1[int],false,53,0,0,0,0,1,0,3,0,0,1,0,0,0,0,0,0,0,0,0,1,0,0,0,0,0,4,1,0,false
d:\repositorio_git\lab-experimentacao\LAB02\repos\DevsmartLib-Android\devsmartlib\src\com\devsmart\android\ui\EqualSpaceLayout.java,com.devsmart.android.ui.EqualSpaceLayout,"EqualSpaceLayout/2[com.devsmart.android.ui.Context,com.devsmart.android.ui.AttributeSet]",true,23,6,1,0,1,1,6,16,0,4,2,6,1,1,0,0,0,0,0,3,5,0,1,0,0,0,16,1,0,false
d:\repositorio_git\lab-experimentacao\LAB02\repos\DevsmartLib-Android\devsmartlib\src\com\devsmart\android\ui\EqualSpaceLayout.java,com.devsmart.android.ui.EqualSpaceLayout,"onLayout/5[boolean,int,int,int,int]",false,112,1,0,0,0,7,6,30,0,4,5,6,0,0,1,5,0,4,0,6,14,10,2,0,0,0,27,4,0,false
d:\repositorio_git\lab-experimentacao\LAB02\repos\DevsmartLib-Android\devsmartlib\src\com\devsmart\android\ui\EqualSpaceLayout.java,com.devsmart.android.ui.EqualSpaceLayout,EqualSpaceLayout/1[com.devsmart.android.ui.Context],true,18,2,1,0,1,1,1,4,0,0,1,1,1,1,0,0,0,0,0,0,0,0,0,0,0,0,7,1,0,false
d:\repositorio_git\lab-experimentacao\LAB02\repos\DevsmartLib-Android\devsmartlib\src\com\devsmart\android\ui\EqualSpaceLayout.java,com.devsmart.android.ui.EqualSpaceLayout,"onMeasure/2[int,int]",false,59,1,0,0,0,10,11,41,1,11,2,11,0,0,2,7,0,2,0,6,18,2,2,0,0,0,31,4,0,false
d:\repositorio_git\lab-experimentacao\LAB02\repos\DevsmartLib-Android\devsmartlib\src\com\devsmart\android\ui\EqualSpaceLayout.java,com.devsmart.android.ui.EqualSpaceLayout,initDefaults/0,false,46,1,2,2,0,1,1,3,0,0,0,1,0,0,0,0,0,0,0,0,0,0,0,0,0,0,5,2,0,false
d:\repositorio_git\lab-experimentacao\LAB02\repos\DevsmartLib-Android\demo\src\com\devsmart\demo\DemoActivity.java,com.devsmart.demo.DemoActivity$Anonymous2,onPreferenceClick/1[com.devsmart.demo.Preference],false,41,1,1,0,1,1,1,4,1,0,1,1,0,0,0,0,0,0,0,0,0,0,0,0,0,0,8,1,0,false
d:\repositorio_git\lab-experimentacao\LAB02\repos\DevsmartLib-Android\demo\src\com\devsmart\demo\DemoActivity.java,com.devsmart.demo.DemoActivity$Anonymous1,onPreferenceClick/1[com.devsmart.demo.Preference],false,29,4,1,0,1,1,3,5,1,1,1,3,0,0,0,0,0,0,0,0,1,0,0,0,0,0,12,1,0,false
d:\repositorio_git\lab-experimentacao\LAB02\repos\DevsmartLib-Android\devsmartlib\src\com\devsmart\android\ui\LayoutParamsHelper.java,com.devsmart.android.ui.LayoutParamsHelper,createWrapWrap/0,false,7,1,0,0,0,1,0,4,1,1,0,0,0,0,0,0,0,0,0,0,1,0,0,0,0,0,5,9,0,false
d:\repositorio_git\lab-experimentacao\LAB02\repos\DevsmartLib-Android\devsmartlib\src\com\devsmart\android\ui\LayoutParamsHelper.java,com.devsmart.android.ui.LayoutParamsHelper,createFillWrap/0,false,12,1,0,0,0,1,0,4,1,1,0,0,0,0,0,0,0,0,0,0,1,0,0,0,0,0,6,9,0,false
d:\repositorio_git\lab-experimentacao\LAB02\repos\DevsmartLib-Android\devsmartlib\src\com\devsmart\android\GraphicsUtils.java,com.devsmart.android.GraphicsUtils,"rotateBitmap/2[com.devsmart.android.Bitmap,int]",false,61,5,0,0,0,1,10,11,1,4,2,10,0,0,0,0,0,0,0,4,4,2,0,0,0,0,12,9,0,false
d:\repositorio_git\lab-experimentacao\LAB02\repos\DevsmartLib-Android\devsmartlib\src\com\devsmart\android\GraphicsUtils.java,com.devsmart.android.GraphicsUtils,"createScaleRect/3[com.devsmart.android.RectF,com.devsmart.android.RectF,com.devsmart.android.GraphicsUtils.ScaleType]",false,21,4,0,0,0,4,4,32,1,6,3,4,0,0,0,0,0,4,0,20,18,16,2,0,0,0,13,9,0,false
d:\repositorio_git\lab-experimentacao\LAB02\repos\DevsmartLib-Android\devsmartlib\src\com\devsmart\android\GraphicsUtils.java,com.devsmart.android.GraphicsUtils,"downsampleBitmap/2[java.io.FileDescriptor,int]",false,74,3,0,0,0,2,1,18,1,6,2,1,0,0,1,0,0,0,0,3,11,1,1,0,0,0,15,9,0,false
d:\repositorio_git\lab-experimentacao\LAB02\repos\DevsmartLib-Android\devsmartlib\src\com\devsmart\android\IOUtils.java,com.devsmart.android.IOUtils$BackgroundTask,onFinished/0,false,68,0,1,1,0,1,0,2,0,0,0,0,0,0,0,0,0,0,0,0,0,0,0,0,0,0,2,1,0,false
d:\repositorio_git\lab-experimentacao\LAB02\repos\DevsmartLib-Android\devsmartlib\src\com\devsmart\android\IOUtils.java,com.devsmart.android.IOUtils$BackgroundTask,run/0,false,72,1,2,0,2,1,2,9,0,0,0,2,1,1,0,0,0,0,0,0,0,0,0,1,0,0,7,17,0,false
d:\repositorio_git\lab-experimentacao\LAB02\repos\DevsmartLib-Android\devsmartlib\src\com\devsmart\android\IOUtils.java,com.devsmart.android.IOUtils$BackgroundTask,doInBackground/0,false,67,0,1,1,0,1,0,1,0,0,0,0,0,0,0,0,0,0,0,0,0,0,0,0,0,0,3,1025,0,false
d:\repositorio_git\lab-experimentacao\LAB02\repos\DevsmartLib-Android\devsmartlib\src\com\commonsware\cwac\loaderex\SQLiteCursorLoader.java,com.commonsware.cwac.loaderex.SQLiteCursorLoader$ReplaceTask,doInBackground/1[java.lang.Object[]],false,145,2,0,0,0,1,2,8,1,4,1,2,0,0,0,0,0,1,0,4,4,0,0,0,0,0,18,4,0,false
d:\repositorio_git\lab-experimentacao\LAB02\repos\DevsmartLib-Android\devsmartlib\src\com\commonsware\cwac\loaderex\SQLiteCursorLoader.java,com.commonsware.cwac.loaderex.SQLiteCursorLoader$ReplaceTask,ReplaceTask/1[com.commonsware.cwac.loaderex.SQLiteCursorLoader],true,140,1,1,1,0,1,0,3,0,0,1,0,0,0,0,0,0,0,0,0,0,0,0,0,0,0,8,0,0,false
d:\repositorio_git\lab-experimentacao\LAB02\repos\DevsmartLib-Android\devsmartlib\src\com\commonsware\cwac\loaderex\SQLiteCursorLoader.java,com.commonsware.cwac.loaderex.SQLiteCursorLoader$ExecSQLTask,ExecSQLTask/1[com.commonsware.cwac.loaderex.SQLiteCursorLoader],true,178,1,1,1,0,1,0,3,0,0,1,0,0,0,0,0,0,0,0,0,0,0,0,0,0,0,9,0,0,false
d:\repositorio_git\lab-experimentacao\LAB02\repos\DevsmartLib-Android\devsmartlib\src\com\commonsware\cwac\loaderex\SQLiteCursorLoader.java,com.commonsware.cwac.loaderex.SQLiteCursorLoader$ExecSQLTask,doInBackground/1[java.lang.Object[]],false,183,1,0,0,0,1,2,7,1,3,1,2,0,0,0,0,0,1,0,3,3,0,0,0,0,0,15,4,0,false
d:\repositorio_git\lab-experimentacao\LAB02\repos\DevsmartLib-Android\devsmartlib\src\com\devsmart\android\SimplePrefsStorage.java,com.devsmart.android.SimplePrefsStorage,clear/0,false,22,1,0,0,0,1,3,5,0,1,0,3,0,0,0,0,0,0,0,0,1,0,0,0,0,0,3,1,0,false
d:\repositorio_git\lab-experimentacao\LAB02\repos\DevsmartLib-Android\devsmartlib\src\com\devsmart\android\SimplePrefsStorage.java,com.devsmart.android.SimplePrefsStorage,save/1[com.devsmart.android.JSONObject],false,42,2,0,0,0,1,4,5,0,1,1,4,0,0,0,0,0,0,0,0,1,0,0,0,0,0,9,1,0,false
d:\repositorio_git\lab-experimentacao\LAB02\repos\DevsmartLib-Android\devsmartlib\src\com\devsmart\android\SimplePrefsStorage.java,com.devsmart.android.SimplePrefsStorage,SimplePrefsStorage/1[com.devsmart.android.Context],true,18,1,0,0,0,1,1,3,0,0,1,1,0,0,0,0,0,0,0,0,1,0,0,0,0,0,6,1,0,false
d:\repositorio_git\lab-experimentacao\LAB02\repos\DevsmartLib-Android\devsmartlib\src\com\devsmart\android\SimplePrefsStorage.java,com.devsmart.android.SimplePrefsStorage,getData/0,false,29,2,0,0,0,3,3,13,1,2,0,3,0,0,0,1,1,0,1,0,3,0,2,0,0,0,12,1,0,false
d:\repositorio_git\lab-experimentacao\LAB02\repos\DevsmartLib-Android\devsmartlib\src\com\devsmart\android\ui\HorizontalListView.java,com.devsmart.android.ui.HorizontalListView$Anonymous2,run/0,false,201,0,3,0,3,1,1,3,0,0,0,1,0,0,0,0,0,0,0,0,0,0,0,0,0,0,3,1,0,false
d:\repositorio_git\lab-experimentacao\LAB02\repos\DevsmartLib-Android\devsmartlib\src\com\devsmart\android\ui\HorizontalListView.java,com.devsmart.android.ui.HorizontalListView$Anonymous3,onLongPress/1[com.devsmart.android.ui.MotionEvent],false,360,3,2,0,2,4,5,12,0,3,1,5,1,1,1,1,0,0,0,3,3,2,3,0,0,0,22,1,0,false
d:\repositorio_git\lab-experimentacao\LAB02\repos\DevsmartLib-Android\devsmartlib\src\com\devsmart\android\ui\HorizontalListView.java,com.devsmart.android.ui.HorizontalListView$Anonymous3,"onFling/4[com.devsmart.android.ui.MotionEvent,com.devsmart.android.ui.MotionEvent,float,float]",false,325,2,1,0,1,1,1,3,1,0,4,1,0,0,0,0,0,0,0,0,0,0,0,0,0,0,6,1,0,false
d:\repositorio_git\lab-experimentacao\LAB02\repos\DevsmartLib-Android\devsmartlib\src\com\devsmart\android\ui\HorizontalListView.java,com.devsmart.android.ui.HorizontalListView$Anonymous3,onDown/1[com.devsmart.android.ui.MotionEvent],false,319,2,1,0,1,1,1,3,1,0,1,1,0,0,0,0,0,0,0,0,0,0,0,0,0,0,5,1,0,false
d:\repositorio_git\lab-experimentacao\LAB02\repos\DevsmartLib-Android\devsmartlib\src\com\devsmart\android\ui\HorizontalListView.java,com.devsmart.android.ui.HorizontalListView$Anonymous3,"onScroll/4[com.devsmart.android.ui.MotionEvent,com.devsmart.android.ui.MotionEvent,float,float]",false,331,1,0,0,0,1,1,7,1,0,4,1,0,0,0,0,0,0,0,0,1,0,1,0,0,0,12,1,0,false
d:\repositorio_git\lab-experimentacao\LAB02\repos\DevsmartLib-Android\devsmartlib\src\com\devsmart\android\ui\HorizontalListView.java,com.devsmart.android.ui.HorizontalListView$Anonymous3,"isEventWithinView/2[com.devsmart.android.ui.MotionEvent,com.devsmart.android.ui.View]",false,374,4,2,2,0,1,7,11,1,6,2,7,0,0,0,0,0,0,0,3,6,2,0,0,0,0,13,2,0,false
d:\repositorio_git\lab-experimentacao\LAB02\repos\DevsmartLib-Android\devsmartlib\src\com\devsmart\android\ui\HorizontalListView.java,com.devsmart.android.ui.HorizontalListView$Anonymous3,onSingleTapConfirmed/1[com.devsmart.android.ui.MotionEvent],false,342,3,2,0,2,5,6,15,1,2,1,6,1,1,1,2,0,0,0,5,2,4,3,0,0,0,25,1,0,false
d:\repositorio_git\lab-experimentacao\LAB02\repos\DevsmartLib-Android\devsmartlib\src\com\devsmart\android\ui\lifecycle\LifecycleHookFragment.java,com.devsmart.android.ui.lifecycle.LifecycleHookFragment,onDetach/0,false,27,1,1,0,1,2,2,6,0,0,0,2,0,0,1,0,0,0,0,0,0,0,1,0,0,0,7,1,0,false
d:\repositorio_git\lab-experimentacao\LAB02\repos\DevsmartLib-Android\devsmartlib\src\com\devsmart\android\ui\lifecycle\LifecycleHookFragment.java,com.devsmart.android.ui.lifecycle.LifecycleHookFragment,"onActivityResult/3[int,int,com.devsmart.android.ui.lifecycle.Intent]",false,75,2,1,0,1,2,2,6,0,0,3,2,0,0,1,0,0,0,0,0,0,0,1,0,0,0,9,1,0,false
d:\repositorio_git\lab-experimentacao\LAB02\repos\DevsmartLib-Android\devsmartlib\src\com\devsmart\android\ui\lifecycle\LifecycleHookFragment.java,com.devsmart.android.ui.lifecycle.LifecycleHookFragment,addLifecycleHook/1[com.devsmart.android.ui.lifecycle.LifecycleHook],false,14,1,0,0,0,1,1,3,0,0,1,1,0,0,0,0,0,0,0,0,0,0,0,0,0,0,4,1,0,false
d:\repositorio_git\lab-experimentacao\LAB02\repos\DevsmartLib-Android\devsmartlib\src\com\devsmart\android\ui\lifecycle\LifecycleHookFragment.java,com.devsmart.android.ui.lifecycle.LifecycleHookFragment,onDestroy/0,false,43,1,1,0,1,2,2,6,0,0,0,2,0,0,1,0,0,0,0,0,0,0,1,0,0,0,7,1,0,false
d:\repositorio_git\lab-experimentacao\LAB02\repos\DevsmartLib-Android\devsmartlib\src\com\devsmart\android\ui\lifecycle\LifecycleHookFragment.java,com.devsmart.android.ui.lifecycle.LifecycleHookFragment,onResume/0,false,59,1,1,0,1,2,2,6,0,0,0,2,0,0,1,0,0,0,0,0,0,0,1,0,0,0,7,1,0,false
d:\repositorio_git\lab-experimentacao\LAB02\repos\DevsmartLib-Android\devsmartlib\src\com\devsmart\android\ui\lifecycle\LifecycleHookFragment.java,com.devsmart.android.ui.lifecycle.LifecycleHookFragment,onPause/0,false,51,1,1,0,1,2,2,6,0,0,0,2,0,0,1,0,0,0,0,0,0,0,1,0,0,0,7,1,0,false
d:\repositorio_git\lab-experimentacao\LAB02\repos\DevsmartLib-Android\devsmartlib\src\com\devsmart\android\ui\lifecycle\LifecycleHookFragment.java,com.devsmart.android.ui.lifecycle.LifecycleHookFragment,onCreate/1[com.devsmart.android.ui.lifecycle.Bundle],false,35,2,1,0,1,2,2,6,0,0,1,2,0,0,1,0,0,0,0,0,0,0,1,0,0,0,11,1,0,false
d:\repositorio_git\lab-experimentacao\LAB02\repos\DevsmartLib-Android\devsmartlib\src\com\devsmart\android\ui\lifecycle\LifecycleHookFragment.java,com.devsmart.android.ui.lifecycle.LifecycleHookFragment,onAttach/1[com.devsmart.android.ui.lifecycle.Activity],false,19,2,1,0,1,2,2,6,0,0,1,2,0,0,1,0,0,0,0,0,0,0,1,0,0,0,9,1,0,false
d:\repositorio_git\lab-experimentacao\LAB02\repos\DevsmartLib-Android\devsmartlib\src\com\devsmart\android\ui\lifecycle\LifecycleHookFragment.java,com.devsmart.android.ui.lifecycle.LifecycleHookFragment,onSaveInstanceState/1[com.devsmart.android.ui.lifecycle.Bundle],false,67,2,1,0,1,2,2,6,0,0,1,2,0,0,1,0,0,0,0,0,0,0,1,0,0,0,10,1,0,false
d:\repositorio_git\lab-experimentacao\LAB02\repos\DevsmartLib-Android\devsmartlib\src\com\devsmart\android\activity\FragmentShellActivity.java,com.devsmart.android.activity.FragmentShellActivity,onCreate/1[com.devsmart.android.activity.Bundle],false,22,5,0,0,0,2,18,21,0,6,1,18,0,0,0,0,1,0,1,0,7,0,1,0,0,0,42,4,0,false
d:\repositorio_git\lab-experimentacao\LAB02\repos\DevsmartLib-Android\devsmartlib\src\com\devsmart\android\activity\FragmentShellActivity.java,com.devsmart.android.activity.FragmentShellActivity,"createIntent/4[com.devsmart.android.activity.Context,java.lang.Class<?>,com.devsmart.android.activity.Bundle,int]",false,52,4,1,1,0,1,2,7,1,1,4,2,0,0,0,0,0,0,0,0,1,0,0,0,0,0,7,9,0,false
d:\repositorio_git\lab-experimentacao\LAB02\repos\DevsmartLib-Android\devsmartlib\src\com\devsmart\android\activity\FragmentShellActivity.java,com.devsmart.android.activity.FragmentShellActivity,"createIntent/3[com.devsmart.android.activity.Context,java.lang.Class<?>,com.devsmart.android.activity.Bundle]",false,48,4,2,1,1,1,1,3,1,0,3,1,1,1,0,0,0,0,0,0,0,0,0,0,0,0,5,9,0,false
d:\repositorio_git\lab-experimentacao\LAB02\repos\DevsmartLib-Android\devsmartlib\src\com\devsmart\android\activity\FragmentShellActivity.java,com.devsmart.android.activity.FragmentShellActivity,onNavigateBack/0,false,63,0,0,0,0,1,1,3,0,0,0,1,0,0,0,0,0,0,0,0,0,0,0,0,0,0,4,1,0,false
d:\repositorio_git\lab-experimentacao\LAB02\repos\DevsmartLib-Android\devsmartlib\src\com\devsmart\android\ui\HorizontalListView.java,com.devsmart.android.ui.HorizontalListView$Anonymous1,onInvalidated/0,false,107,1,1,0,1,1,3,5,0,0,0,3,0,0,0,0,0,0,0,0,0,0,0,0,0,0,6,1,0,false
d:\repositorio_git\lab-experimentacao\LAB02\repos\DevsmartLib-Android\devsmartlib\src\com\devsmart\android\ui\HorizontalListView.java,com.devsmart.android.ui.HorizontalListView$Anonymous1,onChanged/0,false,98,0,0,0,0,1,2,7,0,0,0,2,0,0,0,0,0,0,0,0,1,0,1,0,0,0,8,1,0,false
